"","acc","rvals","pvals"
"1","Abiotrophia",0.5713,0
"2","Abyssicoccus",0.3173,0.0143
"3","Abyssogena",0.1561,0.2377
"4","Acaryochloris",0.502,1e-04
"5","Acetilactobacillus",0.3711,0.0038
"6","Acetivibrio",0.4297,7e-04
"7","Acetoanaerobium",0.1875,0.1551
"8","Acetobacter",0.4087,0.0013
"9","Acetobacterium",0.4745,1e-04
"10","Acetohalobium",0.1293,0.3291
"11","Acetomicrobium",0.4897,1e-04
"12","Acholeplasma",-0.0015,0.9912
"13","Achromobacter",0.5239,0
"14","Acidaminococcus",0.6081,0
"15","Acidibrevibacterium",0.4272,7e-04
"16","Acididesulfobacillus",0.5393,0
"17","Acidiferrobacter",0.5854,0
"18","Acidilutibacter",0.4708,2e-04
"19","Acidimicrobium",0.4508,3e-04
"20","Acidiphilium",0.5674,0
"21","Acidipropionibacterium",0.5877,0
"22","Acidisarcina",0.5646,0
"23","Acidithiobacillus",0.605,0
"24","Acidobacterium",0.5853,0
"25","Acidothermus",0.2441,0.0624
"26","Acidovorax",0.5461,0
"27","Acinetobacter",0.3492,0.0067
"28","Actinoalloteichus",0.5093,0
"29","Actinobacillus",0.3289,0.011
"30","Actinocatenispora",0.4712,2e-04
"31","Actinomadura",0.445,4e-04
"32","Actinomyces",0.5347,0
"33","Actinoplanes",0.4173,0.001
"34","Actinopolymorpha",0.4483,4e-04
"35","Actinopolyspora",0.5212,0
"36","Actinotignum",0.4869,1e-04
"37","Acutalibacter",0.683,0
"38","Adhaeretor",0.4907,1e-04
"39","Adlercreutzia",0.5774,0
"40","Advenella",0.603,0
"41","Aeoliella",0.5981,0
"42","Aequoribacter",0.6102,0
"43","Aequorivita",0.1565,0.2365
"44","Aerococcus",0.3395,0.0085
"45","Aeromicrobium",0.5078,0
"46","Aeromonas",0.6725,0
"47","Aerosticca",0.5489,0
"48","Afipia",0.5521,0
"49","Agarilytica",0.5163,0
"50","Agarivorans",0.4411,5e-04
"51","Aggregatibacter",0.4818,1e-04
"52","Aggregatimonas",0.5808,0
"53","Agrobacterium",0.5596,0
"54","Agrococcus",0.3906,0.0022
"55","Agromyces",0.4091,0.0013
"56","Ahniella",0.4846,1e-04
"57","Alcaligenes",0.5732,0
"58","Alcanivorax",0.6192,0
"59","Algoriphagus",0.3846,0.0026
"60","Aliamphritea",0.4172,0.001
"61","Aliarcobacter",-0.0917,0.4896
"62","Alicycliphilus",0.5611,0
"63","Alicyclobacillus",0.4329,6e-04
"64","Alienimonas",0.3458,0.0073
"65","Aliiroseovarius",0.5302,0
"66","Aliivibrio",0.2433,0.0633
"67","Alistipes",0.6324,0
"68","Alkalicella",0.4096,0.0013
"69","Alkalilimnicola",0.6582,0
"70","Alkaliphilus",0.6183,0
"71","Alkalitalea",0.5139,0
"72","Alloalcanivorax",0.5809,0
"73","Allobacillus",0.3622,0.0048
"74","Allochromatium",0.5717,0
"75","Allocoleopsis",0.3809,0.0029
"76","Allofrancisella",0.1542,0.2435
"77","Allokutzneria",0.4712,2e-04
"78","Allomeiothermus",0.6163,0
"79","Allorhizobium",0.5243,0
"80","Allosaccharopolyspora",0.3661,0.0043
"81","Allosphingosinicella",0.437,5e-04
"82","Alteracholeplasma",0.054,0.6848
"83","Altererythrobacter",0.5156,0
"84","Alteromonas",0.4472,4e-04
"85","Alysiella",0.4796,1e-04
"86","Amedibacterium",0.4323,6e-04
"87","Aminipila",0.5053,0
"88","Aminobacterium",0.4431,4e-04
"89","Aminomonas",0.5708,0
"90","Ammonifex",0.4763,1e-04
"91","Amphibacillus",0.1037,0.4345
"92","Amphritea",0.6286,0
"93","Amycolatopsis",0.4398,5e-04
"94","Amylolactobacillus",0.6077,0
"95","Anabaena",-0.0189,0.8872
"96","Anabaenopsis",-0.0186,0.8886
"97","Anaerobacillus",0.1219,0.3579
"98","Anaerobutyricum",0.4843,1e-04
"99","Anaerococcus",0.411,0.0012
"100","Anaerocolumna",0.5429,0
"101","Anaerohalosphaera",0.6143,0
"102","Anaerolinea",0.5955,0
"103","Anaerostipes",0.6242,0
"104","Anaerotignum",0.6334,0
"105","Anaerotruncus",0.5656,0
"106","Anaplasma",0.1042,0.4324
"107","Anatilimnocola",0.4324,6e-04
"108","Ancylobacter",0.5262,0
"109","Aneurinibacillus",0.3784,0.0031
"110","Anoxybacillus",0.5254,0
"111","Anoxybacter",0.1556,0.2394
"112","Antarcticibacterium",0.6284,0
"113","Apibacter",0.4117,0.0012
"114","Aquabacterium",0.5145,0
"115","Aquella",0.3538,0.006
"116","Aquibium",0.5364,0
"117","Aquicella",0.5869,0
"118","Aquifex",0.0622,0.6396
"119","Aquiflexum",0.4487,4e-04
"120","Aquiluna",0.5302,0
"121","Aquincola",0.5087,0
"122","Aquirhabdus",0.5123,0
"123","Aquirufa",0.1623,0.2193
"124","Aquisediminimonas",0.4366,5e-04
"125","Aquisphaera",0.5458,0
"126","Aquitalea",0.5712,0
"127","Arabiibacter",0.5709,0
"128","Arachidicoccus",0.4721,2e-04
"129","Arachnia",0.46,2e-04
"130","Arcanobacterium",0.4129,0.0012
"131","Archangium",0.5783,0
"132","Arcobacter",-0.2157,0.1009
"133","Arcticibacterium",0.2802,0.0316
"134","Arenibacter",0.6831,0
"135","Arenimonas",0.4626,2e-04
"136","Aristophania",-0.1758,0.183
"137","Aromatoleum",0.5675,0
"138","Arsenophonus",0.0802,0.546
"139","Arthrobacter",0.5297,0
"140","Asaia",0.4931,1e-04
"141","Asticcacaulis",0.4073,0.0014
"142","Athalassotoga",0.153,0.2474
"143","Atlantibacter",0.5482,0
"144","Aurantiacibacter",0.4226,9e-04
"145","Aurantimicrobium",0.5392,0
"146","Auraticoccus",0.5026,0
"147","Aureibaculum",0.2222,0.0908
"148","Aureimonas",0.5938,0
"149","Aureliella",0.5493,0
"150","Avibacterium",0.6044,0
"151","Azoarcus",0.5626,0
"152","Azorhizobium",0.55,0
"153","Azospira",0.5022,1e-04
"154","Azospirillum",0.5366,0
"155","Azotobacter",0.596,0
"156","Bacillus",0.0179,0.893
"157","Bacteriovorax",0.2725,0.0368
"158","Bacteroides",0.5516,0
"159","Baekduia",0.4343,6e-04
"160","Barnesiella",0.6409,0
"161","Basfia",0.5545,0
"162","Basilea",0.5094,0
"163","Bathymodiolus",0.4885,1e-04
"164","Bdellovibrio",0.483,1e-04
"165","Beggiatoa",0.2192,0.0952
"166","Beijerinckia",0.3954,0.0019
"167","Belliella",0.2799,0.0318
"168","Bermanella",0.2897,0.026
"169","Bernardetia",-0.1345,0.3098
"170","Berryella",0.5906,0
"171","Beutenbergia",0.3545,0.0059
"172","Bibersteinia",0.323,0.0126
"173","Bifidobacterium",0.5991,0
"174","Biomaibacter",0.4845,1e-04
"175","Bisgaardia",0.2514,0.0548
"176","Blastochloris",0.5403,0
"177","Blastomonas",0.5253,0
"178","Blattabacterium",-0.2461,0.0602
"179","Blautia",0.6306,0
"180","Bombilactobacillus",0.2781,0.0329
"181","Bordetella",0.5438,0
"182","Bosea",0.5216,0
"183","Botrimarina",0.4468,4e-04
"184","Boudabousia",0.5656,0
"185","Brachyspira",0.1577,0.2329
"186","Bradymonas",0.5971,0
"187","Brasilonema",0.2747,0.0353
"188","Bremerella",0.4791,1e-04
"189","Brenneria",0.5627,0
"190","Brevefilum",0.6241,0
"191","Brevibacillus",0.4668,2e-04
"192","Brevibacterium",0.5541,0
"193","Brochothrix",0.2122,0.1067
"194","Brucella",0.5171,0
"195","Buchnera",-0.2391,0.0681
"196","Burkholderia",0.4757,1e-04
"197","Buttiauxella",0.4761,1e-04
"198","Butyricimonas",0.5971,0
"199","Butyrivibrio",0.5365,0
"200","Bythopirellula",0.597,0
"201","Caballeronia",0.494,1e-04
"202","Caenibius",0.4487,4e-04
"203","Caldalkalibacillus",0.4848,1e-04
"204","Caldanaerobacter",0.0612,0.645
"205","Caldicellulosiruptor",0.1906,0.1482
"206","Caldichromatium",0.5338,0
"207","Caldilinea",0.6045,0
"208","Caldimicrobium",0.1761,0.182
"209","Caldimonas",0.4997,1e-04
"210","Caldinitratiruptor",0.435,6e-04
"211","Caldisericum",0.2372,0.0705
"212","Calditerrivibrio",0.5009,1e-04
"213","Caldithrix",0.5497,0
"214","Calothrix",-0.0904,0.4958
"215","Calycomorphotria",0.4962,1e-04
"216","Caminibacter",0.0724,0.5858
"217","Campylobacter",0.4982,1e-04
"218","Candidatus",0.5814,0
"219","Capnocytophaga",0.5399,0
"220","Caproicibacter",0.5279,0
"221","Carboxydothermus",0.2942,0.0237
"222","Cardinium",0.2793,0.0322
"223","Cardiobacterium",0.4699,2e-04
"224","Carnobacterium",0.3125,0.0159
"225","Casimicrobium",0.5447,0
"226","Castellaniella",0.5434,0
"227","Catenovulum",0.3561,0.0056
"228","Catenulispora",0.4696,2e-04
"229","Caulifigura",0.4705,2e-04
"230","Caulobacter",0.5005,1e-04
"231","Cedecea",0.5664,0
"232","Celeribacter",0.5654,0
"233","Celerinatantimonas",0.3772,0.0032
"234","Cellulomonas",0.3923,0.0021
"235","Cellulophaga",0.1247,0.3466
"236","Cellulosilyticum",0.2775,0.0333
"237","Cellulosimicrobium",0.4275,7e-04
"238","Cellvibrio",0.5077,0
"239","Cereibacter",0.5531,0
"240","Chamaesiphon",0.1806,0.1711
"241","Changchengzhania",0.3791,0.0031
"242","Chania",0.5214,0
"243","Chenggangzhangella",0.4851,1e-04
"244","Chitinimonas",0.5534,0
"245","Chitinolyticbacter",0.5342,0
"246","Chitinophaga",0.4986,1e-04
"247","Chlamydiifrater",0.3337,0.0098
"248","Chloracidobacterium",0.4527,3e-04
"249","Chlorobaculum",0.5605,0
"250","Chlorobium",0.5914,0
"251","Chloroflexus",0.4786,1e-04
"252","Chloroherpeton",0.4972,1e-04
"253","Chondromyces",0.5169,0
"254","Chordicoccus",0.5694,0
"255","Christensenella",0.6283,0
"256","Christiangramia",0.5762,0
"257","Chromobacterium",0.5793,0
"258","Chromohalobacter",0.6308,0
"259","Chroococcidiopsis",0.0279,0.8338
"260","Chryseobacterium",0.4886,1e-04
"261","Chryseolinea",0.6161,0
"262","Chthonomonas",0.6458,0
"263","Ciceribacter",0.5765,0
"264","Citrifermentans",0.6576,0
"265","Citrobacter",0.5449,0
"266","Clavibacter",0.4473,4e-04
"267","Cloacibacillus",0.5959,0
"268","Cloacibacterium",0.1137,0.3912
"269","Clostridioides",-0.0183,0.8907
"270","Clostridium",0.2193,0.0951
"271","Cnuibacter",0.5227,0
"272","Cobetia",0.5658,0
"273","Cognaticolwellia",0.3314,0.0104
"274","Cohnella",0.5607,0
"275","Collimonas",0.5658,0
"276","Collinsella",0.602,0
"277","Colwellia",0.3058,0.0185
"278","Comamonas",0.6022,0
"279","Companilactobacillus",0.3743,0.0035
"280","Conchiformibius",0.3635,0.0047
"281","Conexibacter",0.4167,0.001
"282","Congregibacter",0.6368,0
"283","Constantimarinum",0.5709,0
"284","Coprococcus",0.5505,0
"285","Coprothermobacter",0.4574,3e-04
"286","Coraliomargarita",0.5407,0
"287","Corallococcus",0.5575,0
"288","Coriobacterium",0.5914,0
"289","Corynebacterium",0.51,0
"290","Costertonia",0.5702,0
"291","Coxiella",0.2762,0.0342
"292","Crassaminicella",0.1281,0.3337
"293","Crateriforma",0.3759,0.0033
"294","Crenobacter",0.5208,0
"295","Crinalium",-0.071,0.5929
"296","Croceibacter",-0.0413,0.7563
"297","Croceibacterium",0.5222,0
"298","Croceicoccus",0.4975,1e-04
"299","Crocosphaera",0.2061,0.1174
"300","Cronobacter",0.5224,0
"301","Cruoricaptor",0.6075,0
"302","Cryobacterium",0.5517,0
"303","Cryptobacterium",0.2424,0.0643
"304","Cupriavidus",0.5722,0
"305","Curtobacterium",0.3983,0.0018
"306","Cutibacterium",0.2115,0.1078
"307","Cyanobacterium",-0.026,0.8452
"308","Cyanobium",0.4717,2e-04
"309","Cyclobacterium",0.6341,0
"310","Cyclonatronum",0.5988,0
"311","Cylindrospermopsis",0.2153,0.1014
"312","Cylindrospermum",0.2977,0.022
"313","Cytobacillus",0.3539,0.006
"314","Cytophaga",0.3674,0.0042
"315","Dactylococcopsis",0.2645,0.0429
"316","Dactylosporangium",0.4684,2e-04
"317","Deferribacter",0.2438,0.0628
"318","Defluviicoccus",0.4912,1e-04
"319","Defluviitoga",-0.2802,0.0316
"320","Dehalobacter",0.4425,4e-04
"321","Dehalobacterium",0.589,0
"322","Dehalococcoides",0.5876,0
"323","Dehalogenimonas",0.6208,0
"324","Deinococcus",0.4258,8e-04
"325","Delftia",0.5479,0
"326","Denitratisoma",0.6444,0
"327","Denitrobacterium",0.6135,0
"328","Denitrovibrio",0.5153,0
"329","Dermabacter",0.3608,0.005
"330","Dermacoccus",0.3289,0.011
"331","Dermatophilus",0.0926,0.4855
"332","Desulfarculus",0.5707,0
"333","Desulfatibacillum",0.663,0
"334","Desulfitobacterium",0.5808,0
"335","Desulfobacca",0.5962,0
"336","Desulfobacter",0.673,0
"337","Desulfobacula",0.6379,0
"338","Desulfobulbus",0.6234,0
"339","Desulfocapsa",0.5898,0
"340","Desulfococcus",0.6569,0
"341","Desulfocurvibacter",0.62,0
"342","Desulfofarcimen",0.4397,5e-04
"343","Desulfoglaeba",0.5657,0
"344","Desulfohalobium",0.5112,0
"345","Desulfomicrobium",0.6321,0
"346","Desulfomonile",0.5806,0
"347","Desulfonema",0.6447,0
"348","Desulforamulus",0.5582,0
"349","Desulforapulum",0.6898,0
"350","Desulfosarcina",0.658,0
"351","Desulfoscipio",0.5651,0
"352","Desulfosediminicola",0.5537,0
"353","Desulfosporosinus",0.4586,3e-04
"354","Desulfosudis",0.6393,0
"355","Desulfotalea",0.6551,0
"356","Desulfovibrio",0.6019,0
"357","Desulfurispirillum",0.5918,0
"358","Desulfurivibrio",0.6532,0
"359","Desulfurobacterium",-0.2752,0.0349
"360","Devosia",0.5601,0
"361","Devriesea",0.1174,0.3758
"362","Dialister",0.4908,1e-04
"363","Diaphorobacter",0.6209,0
"364","Dichelobacter",0.1514,0.2523
"365","Dickeya",0.5122,0
"366","Dictyoglomus",0.0282,0.8322
"367","Dietzia",0.5036,0
"368","Dinoroseobacter",0.6102,0
"369","Dissulfurimicrobium",0.5751,0
"370","Dissulfurispira",0.4393,5e-04
"371","Dokdonella",0.5184,0
"372","Dokdonia",0.3398,0.0085
"373","Dolichospermum",-0.0173,0.8963
"374","Dolosigranulum",0.3906,0.0022
"375","Dongshaea",0.6737,0
"376","Draconibacterium",0.4577,3e-04
"377","Duffyella",0.5385,0
"378","Duganella",0.5142,0
"379","Duncaniella",0.6167,0
"380","Duodenibacillus",0.5064,0
"381","Echinicola",0.6664,0
"382","Edaphobacter",0.5782,0
"383","Edwardsiella",0.5954,0
"384","Eggerthella",0.5899,0
"385","Egibacter",0.4811,1e-04
"386","Egicoccus",0.3999,0.0017
"387","Ehrlichia",-0.0985,0.4582
"388","Eikenella",0.591,0
"389","Elizabethkingia",0.3989,0.0018
"390","Elusimicrobium",0.568,0
"391","Empedobacter",0.0944,0.4768
"392","Endomicrobium",0.3141,0.0154
"393","Endozoicomonas",0.529,0
"394","Ensifer",0.5534,0
"395","Enterobacter",0.5954,0
"396","Enterobacteriaceae",-0.4002,0.0017
"397","Enterocloster",0.6698,0
"398","Enterococcus",0.4947,1e-04
"399","Entomomonas",0.4088,0.0013
"400","Entomoplasma",0.1656,0.21
"401","Entomospira",0.6035,0
"402","Ephemeroptericola",0.4513,3e-04
"403","Epidermidibacterium",0.4556,3e-04
"404","Epilithonimonas",0.3544,0.0059
"405","Ereboglobus",0.5632,0
"406","Erwinia",0.5885,0
"407","Erysipelothrix",0.4224,9e-04
"408","Escherichia",0.5043,0
"409","Ethanoligenens",0.6273,0
"410","Eubacterium",0.6406,0
"411","Euhalothece",0.2729,0.0365
"412","Euzebya",0.4458,4e-04
"413","Euzebyella",0.5529,0
"414","Evansella",0.1449,0.2736
"415","Exiguobacterium",0.3119,0.0162
"416","Ezakiella",0.4196,9e-04
"417","Faecalibacillus",0.2374,0.0702
"418","Faecalibacterium",0.6384,0
"419","Faecalibaculum",0.6036,0
"420","Falsihalocynthiibacter",0.5391,0
"421","Fastidiosipila",0.2892,0.0263
"422","Fenollaria",0.2551,0.0512
"423","Ferribacterium",0.4857,1e-04
"424","Ferrigenium",0.6203,0
"425","Ferrimonas",0.5985,0
"426","Ferriphaselus",0.5868,0
"427","Ferrovibrio",0.4968,1e-04
"428","Ferrovum",0.5843,0
"429","Fervidobacterium",0.0148,0.9115
"430","Fibrella",0.4928,1e-04
"431","Fibrobacter",0.5938,0
"432","Fictibacillus",0.3095,0.0171
"433","Filifactor",0.4838,1e-04
"434","Filimonas",0.466,2e-04
"435","Fimbriimonas",0.4752,1e-04
"436","Flammeovirga",0.1836,0.164
"437","Flaviflexus",0.4561,3e-04
"438","Flavisolibacter",0.4192,0.001
"439","Flavivirga",0.3839,0.0027
"440","Flavobacterium",0.1778,0.1778
"441","Flavonifractor",0.6661,0
"442","Flexistipes",0.5043,0
"443","Fluoribacter",0.5301,0
"444","Fluviibacter",0.578,0
"445","Fluviicola",0.2656,0.042
"446","Fluviispira",0.2068,0.116
"447","Formicincola",0.3891,0.0023
"448","Formosa",0.236,0.0719
"449","Francisella",0.162,0.2201
"450","Frankia",0.4601,2e-04
"451","Frederiksenia",0.5012,1e-04
"452","Fretibacterium",0.5681,0
"453","Friedmanniella",0.4409,5e-04
"454","Frigidibacter",0.5444,0
"455","Frischella",0.0867,0.5136
"456","Fuerstiella",0.3923,0.0021
"457","Furfurilactobacillus",0.5213,0
"458","Fuscovulum",0.4845,1e-04
"459","Fusobacterium",-0.0034,0.9794
"460","Gallaecimonas",0.4963,1e-04
"461","Gallionella",0.6627,0
"462","Gemella",0.079,0.552
"463","Geminocystis",0.5339,0
"464","Gemmata",0.4559,3e-04
"465","Gemmatimonas",0.4771,1e-04
"466","Gemmatirosa",0.486,1e-04
"467","Geobacillus",0.4315,6e-04
"468","Geobacter",0.6764,0
"469","Geodermatophilus",0.3893,0.0023
"470","Georgenia",0.4949,1e-04
"471","Georhizobium",0.5291,0
"472","Geosporobacter",0.4992,1e-04
"473","Geotalea",0.6501,0
"474","Geovibrio",0.6038,0
"475","Gephyromycinifex",0.4254,8e-04
"476","Gibbsiella",0.549,0
"477","Gilliamella",0.1114,0.401
"478","Gimesia",0.5255,0
"479","Glaciecola",0.5012,1e-04
"480","Glaesserella",0.4214,9e-04
"481","Gleimia",0.4515,3e-04
"482","Gloeomargarita",0.406,0.0014
"483","Gloeothece",0.2411,0.0659
"484","Gluconacetobacter",0.4669,2e-04
"485","Gluconobacter",0.3976,0.0018
"486","Glutamicibacter",0.6155,0
"487","Glycocaulis",0.5658,0
"488","Gordonia",0.4765,1e-04
"489","Gottschalkia",-0.1154,0.3842
"490","Gracilibacillus",0.2353,0.0729
"491","Gracilinema",0.5349,0
"492","Granulibacter",0.4927,1e-04
"493","Granulicatella",0.3883,0.0024
"494","Granulicella",0.5708,0
"495","Granulosicoccus",0.5045,0
"496","Grimontia",0.5614,0
"497","Gryllotalpicola",0.4304,7e-04
"498","Gudongella",0.5195,0
"499","Gulosibacter",0.5288,0
"500","Gynuella",0.5603,0
"501","Haematobacter",0.5695,0
"502","Haematospirillum",0.4368,5e-04
"503","Haemophilus",0.3776,0.0032
"504","Hafnia",0.5268,0
"505","Hahella",0.6069,0
"506","Halalkalibacterium",0.4346,6e-04
"507","Halanaerobium",0.1722,0.1923
"508","Halarcobacter",-0.0013,0.9923
"509","Haliangium",0.5323,0
"510","Halioglobus",0.5814,0
"511","Haliscomenobacter",0.486,1e-04
"512","Halobacillus",0.4877,1e-04
"513","Halobacteriovorax",0.1943,0.1403
"514","Halobacteroides",0.0016,0.9906
"515","Halomicronema",0.5125,0
"516","Halomonas",0.603,0
"517","Halopseudomonas",0.596,0
"518","Halorhodospira",0.5344,0
"519","Halothermothrix",0.2812,0.031
"520","Halothiobacillus",0.6088,0
"521","Hankyongella",0.3614,0.0049
"522","Haploplasma",-0.0623,0.6392
"523","Hartmannibacter",0.5086,0
"524","Hathewaya",-0.1183,0.372
"525","Helicobacter",0.5021,1e-04
"526","Heliomicrobium",0.5126,0
"527","Heliorestis",-0.0734,0.5807
"528","Herbaspirillum",0.5628,0
"529","Herbinix",0.4687,2e-04
"530","Herminiimonas",0.4357,6e-04
"531","Heyndrickxia",0.1949,0.139
"532","Hippea",0.1609,0.2233
"533","Hirschia",0.1689,0.2011
"534","Histophilus",0.455,3e-04
"535","Hoeflea",0.5684,0
"536","Hoylesella",0.6923,0
"537","Hoyosella",0.3779,0.0032
"538","Humibacter",0.5256,0
"539","Hydrocarboniclastica",0.5811,0
"540","Hydrogenobacter",0.2533,0.0529
"541","Hydrogenophaga",0.5479,0
"542","Hydrogenophilus",0.4875,1e-04
"543","Hydrogenovibrio",0.5463,0
"544","Hymenobacter",0.5634,0
"545","Hypericibacter",0.5959,0
"546","Hyphococcus",0.4618,2e-04
"547","Hyphomicrobium",0.5383,0
"548","Hyphomonas",0.5337,0
"549","Iamia",0.4021,0.0016
"550","Ichthyobacterium",0.0611,0.6455
"551","Ideonella",0.5447,0
"552","Idiomarina",0.5191,0
"553","Ignavibacterium",0.1678,0.2041
"554","Ignavigranum",0.5411,0
"555","Ilumatobacter",0.445,4e-04
"556","Ilyobacter",0.317,0.0144
"557","Immundisolibacter",0.5389,0
"558","Indioceanicola",0.5866,0
"559","Inhella",0.5199,0
"560","Intestinibaculum",0.4507,3e-04
"561","Intrasporangium",0.4888,1e-04
"562","Iocasia",0.1735,0.1888
"563","Iodobacter",0.4213,9e-04
"564","Isoalcanivorax",0.5129,0
"565","Isoptericola",0.4402,5e-04
"566","Isorropodon",0.3595,0.0052
"567","Isosphaera",0.3854,0.0026
"568","Janibacter",0.3503,0.0065
"569","Janthinobacterium",0.5155,0
"570","Jatrophihabitans",0.4178,0.001
"571","Jejubacter",0.5923,0
"572","Jeotgalibaca",0.2933,0.0241
"573","Jeotgalibacillus",0.4867,1e-04
"574","Jeotgalicoccus",0.4364,5e-04
"575","Jiangella",0.4047,0.0015
"576","Jinshanibacter",0.4887,1e-04
"577","Jonesia",0.1976,0.1337
"578","Kaistella",0.2847,0.0289
"579","Kaustia",0.5711,0
"580","Keratinibaculum",-0.0188,0.8874
"581","Ketobacter",0.6717,0
"582","Ketogulonicigenium",0.4635,2e-04
"583","Kibdelosporangium",0.4139,0.0011
"584","Kineobactrum",0.5869,0
"585","Kineococcus",0.3191,0.0138
"586","Kingella",0.4455,4e-04
"587","Kiritimatiella",0.5874,0
"588","Kitasatospora",0.4593,3e-04
"589","Klebsiella",0.5728,0
"590","Kluyvera",0.5399,0
"591","Kocuria",0.5141,0
"592","Komagataeibacter",0.4838,1e-04
"593","Kordia",0.1112,0.4017
"594","Kordiimonas",0.4973,1e-04
"595","Kosakonia",0.5088,0
"596","Kosmotoga",0.2531,0.0531
"597","Kovacikia",0.3851,0.0026
"598","Kozakia",0.4499,4e-04
"599","Kribbella",0.4189,0.001
"600","Kroppenstedtia",0.5638,0
"601","Ktedonosporobacter",0.5677,0
"602","Kushneria",0.604,0
"603","Kutzneria",0.5091,0
"604","Kyrpidia",0.5028,0
"605","Labilibaculum",0.406,0.0014
"606","Labilithrix",0.4465,4e-04
"607","Lachnoanaerobaculum",0.4455,4e-04
"608","Lachnoclostridium",0.3968,0.0019
"609","Lacinutrix",0.0503,0.7051
"610","Lacipirellula",0.47,2e-04
"611","Lacrimispora",0.5967,0
"612","Lacticaseibacillus",0.597,0
"613","Lactiplantibacillus",0.4931,1e-04
"614","Lactobacillus",0.3026,0.0199
"615","Lactococcus",0.4584,3e-04
"616","Lacunisphaera",0.5638,0
"617","Lancefieldella",0.4204,9e-04
"618","Lapidilactobacillus",0.3386,0.0087
"619","Larkinella",0.4751,1e-04
"620","Latilactobacillus",0.4139,0.0011
"621","Lautropia",0.551,0
"622","Lawsonella",0.4796,1e-04
"623","Lawsonia",-0.3229,0.0126
"624","Leadbettera",0.6244,0
"625","Leadbetterella",0.4376,5e-04
"626","Leclercia",0.5784,0
"627","Lederbergia",0.2727,0.0366
"628","Leeuwenhoekiella",0.4899,1e-04
"629","Legionella",0.4043,0.0015
"630","Leifsonia",0.3609,0.005
"631","Leisingera",0.5603,0
"632","Lelliottia",0.5306,0
"633","Leminorella",0.5527,0
"634","Lentibacillus",0.4359,6e-04
"635","Lentilactobacillus",0.5083,0
"636","Lentisphaera",0.444,4e-04
"637","Lentzea",0.4968,1e-04
"638","Leptolyngbya",0.1921,0.1451
"639","Leptospira",0.0332,0.8031
"640","Leptospirillum",0.5425,0
"641","Leptothermofonsia",0.4722,2e-04
"642","Leptothrix",0.5412,0
"643","Leptotrichia",0.3552,0.0058
"644","Leucobacter",0.5146,0
"645","Leuconostoc",0.4559,3e-04
"646","Levilactobacillus",0.5514,0
"647","Liberibacter",0.0122,0.927
"648","Lichenicola",0.4708,2e-04
"649","Ligilactobacillus",0.3701,0.0039
"650","Lignipirellula",0.5016,1e-04
"651","Limihaloglobus",0.6258,0
"652","Limnobaculum",0.4961,1e-04
"653","Limnochorda",0.5259,0
"654","Limnoglobus",0.4583,3e-04
"655","Limnospira",0.4474,4e-04
"656","Limosilactobacillus",0.5842,0
"657","Liquorilactobacillus",0.4021,0.0016
"658","Listeria",0.4688,2e-04
"659","Litorilituus",0.3416,0.0081
"660","Litorivicinus",0.5256,0
"661","Loigolactobacillus",0.5082,0
"662","Loktanella",0.525,0
"663","Longicatena",0.4628,2e-04
"664","Lonsdalea",0.5351,0
"665","Luteibacter",0.5737,0
"666","Luteimicrobium",0.3727,0.0036
"667","Luteipulveratus",0.4569,3e-04
"668","Luteitalea",0.4721,2e-04
"669","Luteithermobacter",0.5864,0
"670","Luteolibacter",0.5627,0
"671","Lutibacter",0.0946,0.4762
"672","Lysinibacillus",0.2676,0.0405
"673","Lysobacter",0.5109,0
"674","Macrococcus",0.3703,0.0039
"675","Mageeibacillus",0.5048,0
"676","Magnetococcus",0.574,0
"677","Magnetospirillum",0.528,0
"678","Mahella",0.5466,0
"679","Maioricimonas",0.5021,1e-04
"680","Malaciobacter",-0.2614,0.0455
"681","Malacoplasma",-0.2497,0.0565
"682","Mammaliicoccus",-0.1842,0.1625
"683","Mangrovibacillus",0.1676,0.2046
"684","Mangrovivirga",0.2439,0.0627
"685","Mannheimia",0.5463,0
"686","Maribacter",0.6005,0
"687","Maribellus",0.5505,0
"688","Marichromatium",0.6309,0
"689","Maridesulfovibrio",0.6291,0
"690","Marinagarivorans",0.4315,6e-04
"691","Mariniblastus",0.4463,4e-04
"692","Marinicauda",0.5242,0
"693","Marinithermus",0.6335,0
"694","Marinitoga",-0.3636,0.0046
"695","Marinobacter",0.6336,0
"696","Marinobacterium",0.6492,0
"697","Marinomonas",0.4766,1e-04
"698","Mariprofundus",0.6077,0
"699","Marisediminicola",0.5335,0
"700","Marivirga",0.3025,0.0199
"701","Marmoricola",0.4186,0.001
"702","Martelella",0.5818,0
"703","Marvinbryantia",0.6325,0
"704","Massilia",0.5687,0
"705","Massilistercora",0.645,0
"706","Megalodesulfovibrio",0.5879,0
"707","Megamonas",-0.0747,0.5738
"708","Megasphaera",0.4625,2e-04
"709","Meiothermus",0.6058,0
"710","Melaminivora",0.4788,1e-04
"711","Melioribacter",0.5211,0
"712","Melissococcus",0.1462,0.2691
"713","Melittangium",0.5761,0
"714","Mergibacter",0.0139,0.9167
"715","Mesobacillus",0.4439,4e-04
"716","Mesoflavibacter",-0.0519,0.696
"717","Mesomycoplasma",0.1436,0.278
"718","Mesoplasma",-0.0241,0.8562
"719","Mesotoga",0.3748,0.0034
"720","Metabacillus",0.2561,0.0502
"721","Metamycoplasma",-0.2132,0.1049
"722","Methylacidiphilum",0.487,1e-04
"723","Methylibium",0.5148,0
"724","Methylobacillus",0.6334,0
"725","Methylobacterium",0.4767,1e-04
"726","Methylocaldum",0.5899,0
"727","Methyloceanibacter",0.5713,0
"728","Methylocella",0.4641,2e-04
"729","Methylococcus",0.6329,0
"730","Methylocystis",0.5704,0
"731","Methylogaea",0.626,0
"732","Methylomagnum",0.6108,0
"733","Methylomicrobium",0.5834,0
"734","Methylomonas",0.5691,0
"735","Methylomusa",0.4636,2e-04
"736","Methylophilus",0.5362,0
"737","Methylorubrum",0.5117,0
"738","Methylotenera",0.4963,1e-04
"739","Methylotuvimicrobium",0.4983,1e-04
"740","Methylovirgula",0.4672,2e-04
"741","Methylovorus",0.6389,0
"742","Methylovulum",0.5255,0
"743","Micavibrio",0.4366,5e-04
"744","Microbacterium",0.5128,0
"745","Microbulbifer",0.612,0
"746","Microcella",0.4492,4e-04
"747","Micrococcus",0.4044,0.0015
"748","Microlunatus",0.4458,4e-04
"749","Micromonospora",0.4817,1e-04
"750","Micropruina",0.4611,2e-04
"751","Microterricola",0.5713,0
"752","Microvenator",0.6141,0
"753","Microvirga",0.5667,0
"754","Microvirgula",0.4746,1e-04
"755","Mixta",0.5314,0
"756","Mobiluncus",0.5135,0
"757","Moellerella",0.2868,0.0276
"758","Mogibacterium",0.4894,1e-04
"759","Monoglobus",0.5098,0
"760","Moorella",0.4125,0.0012
"761","Moraxella",0.384,0.0027
"762","Morganella",0.4676,2e-04
"763","Moritella",0.4407,5e-04
"764","Morococcus",0.5408,0
"765","Mucilaginibacter",0.6362,0
"766","Mucisphaera",0.5643,0
"767","Mucispirillum",0.1592,0.2284
"768","Murdochiella",0.5695,0
"769","Muribaculum",0.6912,0
"770","Muricauda",0.6914,0
"771","Muriicola",0.624,0
"772","Musicola",0.5263,0
"773","Mycetohabitans",0.4998,1e-04
"774","Mycoavidus",0.3127,0.0159
"775","Mycobacterium",0.5524,0
"776","Mycobacteroides",0.5166,0
"777","Mycolicibacillus",0.4839,1e-04
"778","Mycolicibacter",0.5717,0
"779","Mycolicibacterium",0.5364,0
"780","Mycoplasma",-0.1285,0.3319
"781","Mycoplasmoides",0.0564,0.6714
"782","Mycoplasmopsis",0.107,0.4199
"783","Myroides",0.322,0.0129
"784","Myxococcus",0.594,0
"785","Nakamurella",0.4753,1e-04
"786","Natranaerobius",0.1105,0.4045
"787","Nautilia",0.2005,0.1279
"788","Ndongobacter",0.558,0
"789","Neisseria",0.5623,0
"790","Neoasaia",0.487,1e-04
"791","Neoehrlichia",-0.2657,0.042
"792","Neokomagataea",0.0814,0.5401
"793","Neomicrococcus",0.5172,0
"794","Neorhizobium",0.5626,0
"795","Neorickettsia",0.3731,0.0036
"796","Neptunomonas",0.5529,0
"797","Nesterenkonia",0.2364,0.0715
"798","Niabella",0.5881,0
"799","Niallia",0.2267,0.0843
"800","Niastella",0.5189,0
"801","Nibribacter",0.6041,0
"802","Nibricoccus",0.5113,0
"803","Nisaea",0.5728,0
"804","Nitratifractor",0.5207,0
"805","Nitratireductor",0.6004,0
"806","Nitrincola",0.6105,0
"807","Nitrobacter",0.5455,0
"808","Nitrosococcus",0.6356,0
"809","Nitrosomonas",0.528,0
"810","Nitrosophilus",0.1407,0.2878
"811","Nitrosospira",0.633,0
"812","Nitrospira",0.5027,0
"813","Nitrospirillum",0.5303,0
"814","Niveispirillum",0.3738,0.0035
"815","Nocardia",0.4696,2e-04
"816","Nocardioides",0.3719,0.0037
"817","Nocardiopsis",0.491,1e-04
"818","Nonlabens",0.4729,2e-04
"819","Nonomuraea",0.5501,0
"820","Nosocomiicoccus",-0.0385,0.7725
"821","Nostoc",0.2915,0.0251
"822","Novacetimonas",0.4322,6e-04
"823","Novibacillus",0.3123,0.016
"824","Novisyntrophococcus",0.6188,0
"825","Novosphingobium",0.4732,2e-04
"826","Occallatibacter",0.5789,0
"827","Occultella",0.4931,1e-04
"828","Oceanicoccus",0.4484,4e-04
"829","Oceanidesulfovibrio",0.63,0
"830","Oceanisphaera",0.5461,0
"831","Oceanispirochaeta",0.6565,0
"832","Oceanithermus",0.5687,0
"833","Oceanobacillus",0.4123,0.0012
"834","Octadecabacter",0.4586,3e-04
"835","Odoribacter",0.5937,0
"836","Oenococcus",0.4512,3e-04
"837","Oleidesulfovibrio",0.5499,0
"838","Oleiphilus",0.5265,0
"839","Oligella",0.6025,0
"840","Olsenella",0.5474,0
"841","Opitutus",0.4639,2e-04
"842","Orientia",-0.1069,0.4205
"843","Ornithinimicrobium",0.4383,5e-04
"844","Ornithobacterium",0.5003,1e-04
"845","Orrella",0.5319,0
"846","Oryzomicrobium",0.5776,0
"847","Oscillatoria",0.3261,0.0117
"848","Otariodibacter",0.2337,0.0749
"849","Owenweeksia",0.3331,0.0099
"850","Oxalobacter",0.6139,0
"851","Oxynema",0.3433,0.0078
"852","Pacificitalea",0.4619,2e-04
"853","Paenacidovorax",0.5589,0
"854","Paenalkalicoccus",0.4731,2e-04
"855","Paenarthrobacter",0.5555,0
"856","Paenibacillus",0.5518,0
"857","Paeniclostridium",-0.1807,0.1707
"858","Paenisporosarcina",0.1896,0.1504
"859","Pajaroellobacter",0.3906,0.0022
"860","Paludibacter",0.5954,0
"861","Paludibacterium",0.5927,0
"862","Paludibaculum",0.5626,0
"863","Paludisphaera",0.5191,0
"864","Panacibacter",0.3008,0.0206
"865","Pandoraea",0.5191,0
"866","Pantoea",0.5681,0
"867","Parabacteroides",0.5799,0
"868","Paraburkholderia",0.4875,1e-04
"869","Parachlamydia",0.5362,0
"870","Paracholeplasma",0.4988,1e-04
"871","Paracidovorax",0.5536,0
"872","Paraclostridium",-0.1973,0.1341
"873","Paracoccus",0.5576,0
"874","Paradevosia",0.5582,0
"875","Parafannyhessea",0.6137,0
"876","Paraflavitalea",0.5785,0
"877","Parageobacillus",0.3929,0.0021
"878","Paraliobacillus",0.0699,0.5989
"879","Paraoerskovia",0.4726,2e-04
"880","Paraphotobacterium",0.1384,0.2959
"881","Paraprevotella",0.6251,0
"882","Pararhodospirillum",0.5128,0
"883","Parascardovia",0.5943,0
"884","Parasedimentitalea",0.4801,1e-04
"885","Parashewanella",0.1291,0.3297
"886","Parasphaerochaeta",0.6372,0
"887","Parasphingopyxis",0.4616,2e-04
"888","Parasynechococcus",0.2613,0.0456
"889","Paraurantiacibacter",0.5168,0
"890","Paremcibacter",0.5695,0
"891","Paroceanicella",0.6209,0
"892","Parolsenella",0.5401,0
"893","Parvibaculum",0.5258,0
"894","Parvimonas",0.1132,0.3932
"895","Parvularcula",0.5107,0
"896","Pasteurella",0.3977,0.0018
"897","Paucilactobacillus",0.5047,0
"898","Pauljensenia",0.4694,2e-04
"899","Pectinatus",0.4608,2e-04
"900","Pectobacterium",0.5228,0
"901","Pediococcus",0.4906,1e-04
"902","Pedobacter",0.4187,0.001
"903","Pedococcus",0.5154,0
"904","Pelagerythrobacter",0.4665,2e-04
"905","Pelagibacterium",0.5836,0
"906","Pelagovum",0.5283,0
"907","Pelistega",0.2778,0.0331
"908","Pelobacter",0.6343,0
"909","Pelodictyon",0.5496,0
"910","Pelolinea",0.5785,0
"911","Peptacetobacter",-0.0326,0.8062
"912","Peptoclostridium",0.5782,0
"913","Peribacillus",0.4998,1e-04
"914","Periweissella",0.4979,1e-04
"915","Permianibacter",0.3932,0.0021
"916","Persephonella",0.1657,0.2099
"917","Persicimonas",0.5997,0
"918","Peterkaempfera",0.4989,1e-04
"919","Peteryoungia",0.5348,0
"920","Petrimonas",0.7061,0
"921","Petrocella",0.5688,0
"922","Petrotoga",0.0116,0.9306
"923","Phaeobacter",0.5435,0
"924","Phascolarctobacterium",0.4742,1e-04
"925","Phenylobacterium",0.573,0
"926","Phnomibacter",0.4348,6e-04
"927","Phocaeicola",0.5868,0
"928","Phoenicibacter",0.4034,0.0015
"929","Photobacterium",0.5968,0
"930","Photorhabdus",0.3672,0.0042
"931","Phototrophicus",0.4943,1e-04
"932","Phreatobacter",0.52,0
"933","Phycisphaera",0.4195,9e-04
"934","Phyllobacterium",0.5679,0
"935","Phytobacter",0.5161,0
"936","Phytohabitans",0.4513,3e-04
"937","Pigmentiphaga",0.4688,2e-04
"938","Pimelobacter",0.4262,8e-04
"939","Pirellula",0.4698,2e-04
"940","Pirellulimonas",0.5404,0
"941","Piscirickettsia",0.1117,0.3998
"942","Pistricoccus",0.6051,0
"943","Planctopirus",0.4413,5e-04
"944","Planktothrix",0.1263,0.3406
"945","Planococcus",0.4947,1e-04
"946","Plesiomonas",0.4906,1e-04
"947","Pluralibacter",0.5723,0
"948","Polaribacter",0.0821,0.5367
"949","Polaromonas",0.5167,0
"950","Polyangium",0.4902,1e-04
"951","Polycladomyces",0.4783,1e-04
"952","Polymorphospora",0.4529,3e-04
"953","Polymorphum",0.5419,0
"954","Polynucleobacter",0.3069,0.018
"955","Polystyrenella",0.4139,0.0011
"956","Pontibacter",0.5655,0
"957","Ponticoccus",0.5368,0
"958","Pontimonas",0.2643,0.0431
"959","Poriferisphaera",0.5664,0
"960","Porphyromonas",0.6209,0
"961","Poseidonibacter",-0.125,0.3456
"962","Pragia",0.4814,1e-04
"963","Prauserella",0.4527,3e-04
"964","Prescottella",0.4487,4e-04
"965","Prevotella",0.5604,0
"966","Priestia",0.3175,0.0143
"967","Prochlorococcus",-0.2186,0.0963
"968","Profundibacter",0.5594,0
"969","Propionibacterium",0.4595,3e-04
"970","Propioniciclava",0.4305,7e-04
"971","Prosthecochloris",0.5812,0
"972","Protaetiibacter",0.4659,2e-04
"973","Proteiniphilum",0.6623,0
"974","Proteus",-0.1207,0.3625
"975","Providencia",0.3694,0.004
"976","Pseudalgibacter",0.1809,0.1704
"977","Pseudarthrobacter",0.5221,0
"978","Pseudazoarcus",0.5381,0
"979","Pseudoalteromonas",0.5416,0
"980","Pseudobdellovibrio",0.3331,0.0099
"981","Pseudoclostridium",0.6481,0
"982","Pseudocnuella",0.4438,4e-04
"983","Pseudodesulfovibrio",0.6611,0
"984","Pseudoduganella",0.5071,0
"985","Pseudohongiella",0.5672,0
"986","Pseudolabrys",0.5326,0
"987","Pseudoleptotrichia",0.3548,0.0058
"988","Pseudolysobacter",0.5178,0
"989","Pseudonocardia",0.4294,7e-04
"990","Pseudooceanicola",0.5421,0
"991","Pseudopedobacter",0.468,2e-04
"992","Pseudoprevotella",0.6251,0
"993","Pseudopuniceibacterium",0.5486,0
"994","Pseudorhizobium",0.5319,0
"995","Pseudorhodobacter",0.5635,0
"996","Pseudorhodoplanes",0.495,1e-04
"997","Pseudosulfitobacter",0.546,0
"998","Pseudothauera",0.5119,0
"999","Pseudothermotoga",-0.2141,0.1034
"1000","Pseudovibrio",0.5765,0
"1001","Pseudoxanthomonas",0.4922,1e-04
"1002","Psychrobacillus",0.2714,0.0376
"1003","Psychrobacter",0.4175,0.001
"1004","Psychroflexus",0.4596,3e-04
"1005","Psychromicrobium",0.5276,0
"1006","Psychromonas",0.5039,0
"1007","Pukyongia",0.6538,0
"1008","Pukyongiella",0.528,0
"1009","Pulveribacter",0.507,0
"1010","Pusillibacter",0.6547,0
"1011","Pusillimonas",0.6208,0
"1012","Pyramidobacter",0.5174,0
"1013","Qingshengfaniella",0.5141,0
"1014","Qipengyuania",0.4292,7e-04
"1015","Quatrionicoccus",0.5164,0
"1016","Rahnella",0.5036,0
"1017","Raineyella",0.4431,4e-04
"1018","Ralstonia",0.5259,0
"1019","Ramlibacter",0.5564,0
"1020","Raoultella",0.5741,0
"1021","Raoultibacter",0.5906,0
"1022","Rathayibacter",0.4819,1e-04
"1023","Reinekea",0.6118,0
"1024","Renibacterium",0.2096,0.1112
"1025","Rheinheimera",0.4431,4e-04
"1026","Rhizobacter",0.4963,1e-04
"1027","Rhizobium",0.5303,0
"1028","Rhizorhabdus",0.4734,2e-04
"1029","Rhodanobacter",0.5651,0
"1030","Rhodobacter",0.4866,1e-04
"1031","Rhodocaloribacter",0.523,0
"1032","Rhodococcus",0.4951,1e-04
"1033","Rhodocytophaga",0.3939,0.002
"1034","Rhodoferax",0.5528,0
"1035","Rhodoluna",0.4252,8e-04
"1036","Rhodomicrobium",0.5704,0
"1037","Rhodopirellula",0.4293,7e-04
"1038","Rhodopseudomonas",0.5232,0
"1039","Rhodospirillum",0.5321,0
"1040","Rhodothermus",0.6097,0
"1041","Rhodovastum",0.479,1e-04
"1042","Rhodovulum",0.5076,0
"1043","Richelia",0.0781,0.5568
"1044","Rickettsiales",0.4087,0.0013
"1045","Riemerella",0.5732,0
"1046","Rippkaea",0.143,0.28
"1047","Robiginitalea",0.6122,0
"1048","Rodentibacter",0.4312,7e-04
"1049","Romboutsia",-0.3318,0.0103
"1050","Roseateles",0.5268,0
"1051","Roseburia",0.5499,0
"1052","Roseibacterium",0.492,1e-04
"1053","Roseibium",0.5281,0
"1054","Roseicitreum",0.563,0
"1055","Roseiflexus",0.4594,3e-04
"1056","Roseimaritima",0.448,4e-04
"1057","Roseitalea",0.5307,0
"1058","Roseobacter",0.5702,0
"1059","Roseomonas",0.4969,1e-04
"1060","Roseovarius",0.6013,0
"1061","Rosistilla",0.4483,4e-04
"1062","Rothia",0.5201,0
"1063","Rouxiella",0.6213,0
"1064","Ruania",0.4881,1e-04
"1065","Rubinisphaera",0.4893,1e-04
"1066","Rubripirellula",0.3906,0.0022
"1067","Rubrobacter",0.4787,1e-04
"1068","Ruegeria",0.5398,0
"1069","Rufibacter",0.574,0
"1070","Rugosibacter",0.5195,0
"1071","Ruminiclostridium",0.4929,1e-04
"1072","Ruminococcus",0.5754,0
"1073","Runella",0.5175,0
"1074","Saccharibacillus",0.4774,1e-04
"1075","Saccharobesus",0.3137,0.0155
"1076","Saccharomonospora",0.5332,0
"1077","Saccharophagus",0.5049,0
"1078","Saccharopolyspora",0.4232,8e-04
"1079","Saccharospirillum",0.2979,0.0219
"1080","Saccharothrix",0.4664,2e-04
"1081","Salaquimonas",0.5449,0
"1082","Salegentibacter",0.2749,0.0351
"1083","Salidesulfovibrio",0.6799,0
"1084","Salimicrobium",0.5625,0
"1085","Salinicoccus",0.5807,0
"1086","Salinicola",0.5868,0
"1087","Salinimonas",0.5366,0
"1088","Saliniradius",0.6795,0
"1089","Salinispira",0.6428,0
"1090","Salinispora",0.4461,4e-04
"1091","Salinivibrio",0.579,0
"1092","Salinivirga",0.4839,1e-04
"1093","Salipiger",0.5389,0
"1094","Salisediminibacterium",0.5079,0
"1095","Salmonella",0.4898,1e-04
"1096","Sandaracinus",0.4992,1e-04
"1097","Sanguibacter",0.4706,2e-04
"1098","Saprospira",0.5182,0
"1099","Scandinavium",0.5412,0
"1100","Scardovia",0.4339,6e-04
"1101","Schaalia",0.5004,1e-04
"1102","Schlegelella",0.554,0
"1103","Schleiferilactobacillus",0.5303,0
"1104","Sebaldella",0.4887,1e-04
"1105","Secundilactobacillus",0.546,0
"1106","Sedimenticola",0.6301,0
"1107","Sedimentisphaera",0.647,0
"1108","Sediminibacillus",0.4639,2e-04
"1109","Sediminicoccus",0.4823,1e-04
"1110","Sediminispirochaeta",0.6156,0
"1111","Segatella",0.6557,0
"1112","Segniliparus",0.4546,3e-04
"1113","Selenomonas",0.5528,0
"1114","Serinicoccus",0.3874,0.0024
"1115","Serpentinicella",0.1235,0.3512
"1116","Serpentinimonas",0.5209,0
"1117","Serratia",0.6204,0
"1118","Shewanella",0.6422,0
"1119","Shigella",0.4804,1e-04
"1120","Shimwellia",0.5935,0
"1121","Shouchella",0.2667,0.0412
"1122","Siansivirga",0.3649,0.0045
"1123","Siccibacter",0.5755,0
"1124","Sideroxydans",0.6302,0
"1125","Silicimonas",0.5351,0
"1126","Silvanigrella",0.0061,0.9635
"1127","Simkania",0.6077,0
"1128","Simonsiella",0.3314,0.0103
"1129","Simplicispira",0.5556,0
"1130","Singulisphaera",0.5502,0
"1131","Sinorhizobium",0.5649,0
"1132","Skermanella",0.5628,0
"1133","Skermania",0.4281,7e-04
"1134","Slackia",0.6374,0
"1135","Sneathia",0.0119,0.9286
"1136","Snodgrassella",0.3298,0.0107
"1137","Sodaliphilus",0.6714,0
"1138","Sodalis",0.5744,0
"1139","Solidesulfovibrio",0.5509,0
"1140","Solitalea",0.3202,0.0134
"1141","Sorangium",0.5223,0
"1142","Spartinivicinus",0.33,0.0107
"1143","Sphaerobacter",0.5435,0
"1144","Sphaerochaeta",0.6654,0
"1145","Sphaerospermopsis",-0.0738,0.5787
"1146","Sphaerotilus",0.4818,1e-04
"1147","Sphingobacterium",0.5446,0
"1148","Sphingobium",0.4821,1e-04
"1149","Sphingomicrobium",0.4442,4e-04
"1150","Sphingomonas",0.4879,1e-04
"1151","Sphingopyxis",0.4004,0.0017
"1152","Sphingorhabdus",0.5005,1e-04
"1153","Sphingosinithalassobacter",0.4696,2e-04
"1154","Spiribacter",0.5939,0
"1155","Spirochaeta",0.6215,0
"1156","Spiroplasma",-0.161,0.2233
"1157","Spirosoma",0.4098,0.0013
"1158","Sporolactobacillus",0.4074,0.0014
"1159","Sporomusa",0.5104,0
"1160","Sporosarcina",0.3416,0.0081
"1161","Stackebrandtia",0.4655,2e-04
"1162","Stanieria",-0.1476,0.2646
"1163","Staphylococcus",0.0847,0.5236
"1164","Staphylospora",0.5421,0
"1165","Stappia",0.5608,0
"1166","Starkeya",0.5354,0
"1167","Stenotrophomonas",0.5111,0
"1168","Steroidobacter",0.5481,0
"1169","Stieleria",0.4282,7e-04
"1170","Streptantibioticus",0.5154,0
"1171","Streptobacillus",-0.2685,0.0398
"1172","Streptococcus",0.5094,0
"1173","Streptomonospora",0.4836,1e-04
"1174","Streptomyces",0.5055,0
"1175","Streptosporangium",0.4897,1e-04
"1176","Subdoligranulum",0.6276,0
"1177","Succinivibrio",0.5428,0
"1178","Suicoccus",0.4689,2e-04
"1179","Sulfitobacter",0.6036,0
"1180","Sulfuricaulis",0.626,0
"1181","Sulfuricella",0.6489,0
"1182","Sulfuricurvum",0.5435,0
"1183","Sulfuriferula",0.595,0
"1184","Sulfuriflexus",0.6063,0
"1185","Sulfurifustis",0.5916,0
"1186","Sulfurihydrogenibium",-0.0876,0.5096
"1187","Sulfurimicrobium",0.6312,0
"1188","Sulfurimonas",0.2113,0.1081
"1189","Sulfuriroseicoccus",0.5949,0
"1190","Sulfuritalea",0.6004,0
"1191","Sulfuritortus",0.5971,0
"1192","Sulfurivermis",0.6601,0
"1193","Sulfurospirillum",0.5143,0
"1194","Sulfurovum",0.6128,0
"1195","Sutcliffiella",0.2279,0.0826
"1196","Sutterella",0.4388,5e-04
"1197","Swingsia",-0.0356,0.7892
"1198","Symbiobacterium",0.5398,0
"1199","Symmachiella",0.4655,2e-04
"1200","Synechococcus",0.212,0.1069
"1201","Syntrophobacter",0.6306,0
"1202","Syntrophobotulus",0.5945,0
"1203","Syntrophomonas",0.3804,0.003
"1204","Syntrophotalea",0.6343,0
"1205","Syntrophothermus",0.3645,0.0045
"1206","Syntrophus",0.6209,0
"1207","Tabrizicola",0.5218,0
"1208","Tamlana",0.4148,0.0011
"1209","Tannerella",0.6214,0
"1210","Tardibacter",0.4911,1e-04
"1211","Tardiphaga",0.524,0
"1212","Tatumella",0.4676,2e-04
"1213","Tautonia",0.5277,0
"1214","Taylorella",0.3124,0.016
"1215","Telluria",0.5099,0
"1216","Tellurirhabdus",0.4953,1e-04
"1217","Telmatocola",0.5445,0
"1218","Tenacibaculum",-0.1016,0.4437
"1219","Tenuifilum",0.5895,0
"1220","Tepidanaerobacter",0.2908,0.0255
"1221","Tepidiforma",0.4366,5e-04
"1222","Tepidimonas",0.4568,3e-04
"1223","Tepiditoga",-0.387,0.0025
"1224","Teredinibacter",0.5595,0
"1225","Terribacillus",0.4137,0.0011
"1226","Terricaulis",0.3989,0.0018
"1227","Terriglobus",0.5424,0
"1228","Terrihabitans",0.3986,0.0018
"1229","Tessaracoccus",0.5237,0
"1230","Tetragenococcus",0.3285,0.0111
"1231","Thalassobius",0.4333,6e-04
"1232","Thalassoglobus",0.3577,0.0054
"1233","Thalassomonas",0.6501,0
"1234","Thalassospira",0.4259,8e-04
"1235","Thalassotalea",0.3239,0.0123
"1236","Thauera",0.5659,0
"1237","Thaumasiovibrio",0.5087,0
"1238","Thermacetogenium",0.4858,1e-04
"1239","Thermaerobacter",0.4598,2e-04
"1240","Thermanaeromonas",0.2483,0.0579
"1241","Thermanaerosceptrum",0.4797,1e-04
"1242","Thermanaerovibrio",0.6424,0
"1243","Thermoactinomyces",0.4124,0.0012
"1244","Thermoanaerobacter",-0.133,0.3154
"1245","Thermoanaerobacterium",-0.0649,0.6252
"1246","Thermobacillus",0.5036,0
"1247","Thermobaculum",0.5934,0
"1248","Thermobifida",0.4981,1e-04
"1249","Thermobispora",0.5317,0
"1250","Thermochromatium",0.6036,0
"1251","Thermoclostridium",0.5678,0
"1252","Thermocrinis",0.5195,0
"1253","Thermodesulfatator",0.5152,0
"1254","Thermodesulfobacterium",0.4394,5e-04
"1255","Thermodesulfobium",0.0193,0.8848
"1256","Thermodesulfovibrio",0.0925,0.4858
"1257","Thermogutta",0.5408,0
"1258","Thermomicrobium",0.3611,0.005
"1259","Thermomonas",0.4877,1e-04
"1260","Thermomonospora",0.5308,0
"1261","Thermosediminibacter",0.5521,0
"1262","Thermosipho",-0.2978,0.022
"1263","Thermostichus",0.5019,1e-04
"1264","Thermosulfidibacter",0.4462,4e-04
"1265","Thermosulfurimonas",0.5904,0
"1266","Thermosulfuriphilus",0.4938,1e-04
"1267","Thermosynechococcus",0.5383,0
"1268","Thermotoga",-0.2977,0.022
"1269","Thermotomaculum",0.3322,0.0102
"1270","Thermovibrio",0.3305,0.0106
"1271","Thermovirga",0.5323,0
"1272","Thermus",0.6602,0
"1273","Thioalkalivibrio",0.5644,0
"1274","Thiocapsa",0.6036,0
"1275","Thioclava",0.5485,0
"1276","Thiocystis",0.5499,0
"1277","Thioflavicoccus",0.529,0
"1278","Thiolapillus",0.6699,0
"1279","Thiomicrorhabdus",0.4248,8e-04
"1280","Thiomicrospira",0.5668,0
"1281","Thiomonas",0.556,0
"1282","Thiopseudomonas",0.4355,6e-04
"1283","Thiospirochaeta",0.2427,0.064
"1284","Thiosulfatimonas",0.4698,2e-04
"1285","Thiosulfativibrio",0.5126,0
"1286","Thiothrix",0.5202,0
"1287","Thomasclavelia",0.2233,0.0891
"1288","Tichowtungia",0.5415,0
"1289","Tistrella",0.4051,0.0015
"1290","Tolumonas",0.4364,5e-04
"1291","Tolypothrix",-0.0055,0.9668
"1292","Treponema",0.6328,0
"1293","Trichlorobacter",0.6379,0
"1294","Trichormus",0.2147,0.1024
"1295","Tritonibacter",0.554,0
"1296","Tropheryma",-0.1817,0.1685
"1297","Truepera",0.4273,7e-04
"1298","Trueperella",0.5121,0
"1299","Tsukamurella",0.4669,2e-04
"1300","Tsuneonella",0.3435,0.0077
"1301","Tumebacillus",0.4781,1e-04
"1302","Turicibacter",0.1381,0.2967
"1303","Turicimonas",0.4627,2e-04
"1304","Turneriella",0.473,2e-04
"1305","Tuwongella",0.4315,6e-04
"1306","Undibacterium",0.5131,0
"1307","Urbifossiella",0.4353,6e-04
"1308","Ureaplasma",-0.1207,0.3625
"1309","Urechidicola",0.0117,0.9299
"1310","Ureibacillus",0.1242,0.3488
"1311","Uruburuella",0.5164,0
"1312","Usitatibacter",0.5717,0
"1313","Vaginimicrobium",0.0722,0.5869
"1314","Vagococcus",0.1462,0.2692
"1315","Vallitalea",0.5365,0
"1316","Variibacter",0.4606,2e-04
"1317","Veillonella",0.314,0.0155
"1318","Venatoribacter",0.4235,8e-04
"1319","Verminephrobacter",0.5474,0
"1320","Verrucomicrobium",0.6043,0
"1321","Vescimonas",0.6639,0
"1322","Vespertiliibacter",0.2548,0.0514
"1323","Vibrio",0.4659,2e-04
"1324","Virgibacillus",0.2545,0.0518
"1325","Vitreoscilla",0.4002,0.0017
"1326","Vulgatibacter",0.5717,0
"1327","Waddlia",0.5123,0
"1328","Weeksella",0.3132,0.0157
"1329","Weissella",0.5079,0
"1330","Weizmannia",0.4244,8e-04
"1331","Wenyingzhuangia",0.1005,0.4487
"1332","Wenzhouxiangella",0.5801,0
"1333","Wigglesworthia",-0.1037,0.4347
"1334","Williamsoniiplasma",0.224,0.0881
"1335","Winogradskyella",0.327,0.0115
"1336","Woeseia",0.456,3e-04
"1337","Wolinella",0.616,0
"1338","Xanthobacter",0.5891,0
"1339","Xanthomonas",0.4958,1e-04
"1340","Xenorhabdus",0.4455,4e-04
"1341","Xiamenia",0.5547,0
"1342","Xylanimonas",0.4647,2e-04
"1343","Xylella",0.306,0.0184
"1344","Xylophilus",0.5488,0
"1345","Yersinia",0.4685,2e-04
"1346","Youhaiella",0.606,0
"1347","Zhaonella",0.5142,0
"1348","Zhongshania",0.5422,0
"1349","Zhouia",0.6281,0
"1350","Zobellella",0.6542,0
"1351","Zobellia",0.7072,0
"1352","Zophobihabitans",0.3346,0.0096
"1353","Zunongwangia",0.3636,0.0046
"1354","Zymobacter",0.4245,8e-04
"1355","Zymomonas",0.0978,0.4612
