gene_name,prot_id,number_of_exons,five_prime_seq
dnaA,WP_014261683.1,1,ATGAACGCACAAGAATTATGGGAAGCAGTCAAG
dnaN,WP_041250718.1,1,ATGAAATTTACCGTAAACCAAAGAGAGTTTTCT
NA,WP_014261685.1,1,ATGAAATGTTTAATTACTGAATTAGTACATCCA
NA,WP_014261686.1,1,ATGTTATTTCATTTGGGCTTAGATGTAGGATCA
NA,WP_014261687.1,1,ATGAGGAATTACAAAAGGATTTTTGTGATGTTT
NA,WP_041250719.1,1,ATGAAAAATGTATTGATTAGCGCAAACAACATC
NA,WP_014261689.1,1,ATGATTCTATACAAAAAATTAAAAAGAGATTTG
NA,WP_014261690.1,1,ATGAAGAAGAAATACAAACTTATAGTAACAAGC
NA,WP_014261691.1,1,ATGAATACTACATGGAAAAGAAAAAGTTTGTCG
yaaA,WP_014261692.1,1,ATGAAAGAACAAAGAATTAAAATTGATACTGAA
recF,WP_014261693.1,1,ATGAAGATTCATCAACTGACATTAAAAAATTTC
gyrB,WP_014261694.1,1,ATGTCTGAAACAGAAAATAAGAATGTTCAGTAT
gyrA,WP_014261695.1,1,ATGAGTCAAGAAGAGATGAGAGATAAGATTATT
NA,WP_014261696.1,1,ATGTTTACCAGAAGAAGAGAATCACACTTATTG
NA,WP_014261697.1,1,ATGTGGGAAATAGGAGTTTTATTAGCCGGGATA
NA,WP_014261698.1,1,ATGTCAGTTATCGTTGAAAAAAAATACAGTGAA
NA,WP_049770219.1,1,ATGGATTTGCCTACAAATCCGGAATATGTTTCA
NA,WP_014261700.1,1,ATGAATAAGGAAAATGGAAAGAGCAATAAAAAA
NA,WP_242821734.1,1,ATGCCATCTGCAGTTTATTCAGCCAGTGGAATC
NA,WP_207635078.1,1,ATGAAGAAGAGTAAGATGAAATCAGGATTGCTT
NA,WP_041250721.1,1,ATGGATTATACAGAACATCGAAACATGATGAAA
NA,WP_041250722.1,1,ATGAAAATGTCAAGAATGTATTTGCCTACATTG
NA,WP_014261705.1,1,ATGGTTGAATTGGAAAGGAGTGTTACCATGGTA
NA,WP_041250884.1,1,ATGAAAAAAAGTAAATTTTCGACACAACAACTG
NA,WP_014261707.1,1,ATGCATAACAGCTCAAATTTGCTTGCTCACTAT
cas5c,WP_014261708.1,1,ATGTCAAAAAAGTTGGAAATGGAAAAGTCAAAA
cas8c,WP_014261709.1,1,ATGAGCGTTTTGACCAATTTACTGAGATGTTAT
cas7c,WP_041250724.1,1,ATGATGATGAATAAGGTAGATTTTATAATGACT
cas4,WP_014261711.1,1,ATGTATAATGAAGATGATTATCTCATGTTAAGT
cas1c,WP_014261712.1,1,ATGAAAAAATTACTGAATACGTTGTATGTAACA
cas2,WP_014261713.1,1,ATGTTAGTGATTATTGCTTATGATGTTGAAACT
NA,WP_207635080.1,1,ATGAGAAAAACAGAATTTCGATGTAATAAGTAT
NA,WP_014261715.1,1,ATGAGAAAAATAATGACAAAAGCAATTTGTATC
NA,WP_014261716.1,1,ATGGAATTATCAAAAGAGTGGTTGGAACAATAT
NA,WP_041250725.1,1,ATGGTTTTTGACGGACAAAATGATGTTGCAATT
NA,WP_207635081.1,1,TTGACAAAGGAGTTTCAAAAAGGCAAAAACAGA
NA,WP_014261719.1,1,ATGGGAATTTTTAAAAATCCGTTTGGGAAGAAG
NA,WP_156775211.1,1,ATGGAGATACGAAATGAAATAGAGAGAGTCATC
NA,WP_014261721.1,1,ATGGGATTGATTGCAAACTATCAATATTTGAGT
NA,WP_041250888.1,1,ATGAGTAAAAAGACCAAAGAACAAATCAGTTTC
dcm,WP_014261723.1,1,ATGCTGTTTACAACAATTGATTTATGTGCTGGA
NA,WP_014261724.1,1,ATGGCAAAGAATGAAACCAAACGTGAACGTTTT
NA,WP_014261725.1,1,ATGACACACATTAGTTGGCGTTTTCCTCCTCTC
NA,WP_014261726.1,1,ATGAAAGAAATCAAGGACGAATTTCCGAATCCT
NA,WP_014261727.1,1,ATGCTTTTAGGATATTTTACAGAAGAAGCCTAT
NA,WP_014261728.1,1,ATGACACATTATTTAGATTGCATATGGTGTTAT
NA,WP_014261729.1,1,ATGAAGAAAAGACTGGTTTCTACAATGATAATG
NA,WP_014261730.1,1,ATGAAATGGAATGTGAAACTTTTGGTGTGGAAC
NA,WP_041250726.1,1,ATGAATACAATGTTACGAAAAAAAATGGCACTG
trpS,WP_156775272.1,1,ATCATGGAAAAGAAAAGACTGTTCAGCGGAGTG
lspA,WP_014261733.1,1,ATGGGTTATATCGTGTTATTTGTCGTGTTGTTG
NA,WP_014261734.1,1,ATGGGATATATTACAAACTTGAATGAGCTGTCC
NA,WP_014261735.1,1,ATGCAACCGAAGGATAACCAAAAAGTGCTTGCA
NA,WP_014261736.1,1,ATGATACAATTTAGCGGATATGGACTGATTATT
NA,WP_014261737.1,1,ATGAGCTTTGATTTGTTTGTGTTTGAGAGAAGA
NA,WP_156775212.1,1,ATGACATTCAAAGAATGGATTCACAAATTTCAT
NA,WP_014261739.1,1,ATGAGAAGAAATTATATTTTTTCAAAAACAATG
hydF,WP_014261740.1,1,TTGCAGACAACTCCAAACGCAAACCGTATTCAC
hydG,WP_014261741.1,1,ATGACAAGATACAATCCTGCATCTAGCCGTGCA
hydE,WP_014261742.1,1,TTGAACACACATCCGGCAATCCAAAAACTCATT
NA,WP_014261743.1,1,ATGGAAGAAAATCGCTTAGCACTGATTGGGATT
NA,WP_014261744.1,1,ATGATCTGTTTTAACGCAAAAAATTCACGTATG
NA,WP_014261745.1,1,ATGAAGCGAAAAATTTATGATGATATAATCTAT
NA,WP_014261746.1,1,ATGAAAAATTTTGAAGAGATGTCACCAAAAGAA
NA,WP_278214652.1,1,ATTATGGCAAAATATGTATTTGTAACAGGAGGG
NA,WP_014261748.1,1,ATGAATCAATTGTATACGGATATTATACAAATT
NA,WP_041250892.1,1,ATGAAAAAAGCATATATCTTTGATTTAGACGGA
NA,WP_014261750.1,1,ATGTTTTTATTTGTATTAGAAATTATGGGAAGT
NA,WP_014261751.1,1,ATGAGCGAAAATAAATTCAAGAAAGAATTAGGA
NA,WP_014261752.1,1,ATGAAACTTAATCGTAAATTTTTATCTTTCTAT
NA,WP_014261753.1,1,TTGTTCTCTTTCATTACAAAACTCTCTTCCGTT
radC,WP_014261754.1,1,ATGTCAGATTTAAGAATGAGAGATATTTCTTTA
mreC,WP_169308497.1,1,TTGATAACATTGTTTTTGTTAAACTCAATTAAC
mreD,WP_014261756.1,1,ATGAAGAATGTAATATATATATTATTTGGATTT
NA,WP_014261757.1,1,ATGAAATATAATATGCAGAGTAGGTTTTATGCT
minC,WP_014261758.1,1,TTGCAAAGAGAAAAAGTAGAGATTAAAGGTTCA
minD,WP_014261759.1,1,ATGGCAGAAGTGATTGTAATTACTTCCGGAAAA
minE,WP_014261760.1,1,ATGGGAGTATTTAGTTTTTTTAGAACGGAAAAA
NA,WP_014261761.1,1,GTGAATATAAAAGAAAGAACTAAAAATTTTGAA
NA,WP_156775213.1,1,ATGGATACATTTGTAAGTAAAGAAGGAATGGTT
NA,WP_014261763.1,1,ATGGCTAAGATTAGTTTAGTTTATTGGAGTGGA
NA,WP_014261764.1,1,ATGATGAAGAGTAATTTGTTTGACTTTGTGCAA
pheS,WP_014261765.1,1,ATGAAAGAACGCTTGGAAGCGATTAGAAAAAAT
pheT,WP_014261766.1,1,ATGATATTACCTTTGAAATGGTTACGAGATTAT
NA,WP_041250727.1,1,ATGGAAGAAAATAACTACACAAAAGTAATCGGC
NA,WP_041250728.1,1,GTGGGAGAATTGATAGATTGGAAAAAACTACTA
NA,WP_014261769.1,1,ATGTCAGTTTTTGCAATTGGAGACTTGCATATG
NA,WP_014261770.1,1,TTGGGTGTAGTAGAAAAGTATTTTTTATCTCCT
NA,WP_014261771.1,1,ATGAAGAATAAAATTGAATTTTCAGCAGATGGT
NA,WP_242821727.1,1,ATGAAAGAACTATATGAAATTCCCAAAATCATA
NA,WP_014261773.1,1,ATGTTAATAAAAACAATCTTAATTCCGGCATTT
NA,WP_041250729.1,1,ATGAAAGTATTGACACTAACAGCAAAATGTGGA
NA,WP_014261775.1,1,ATGAATATGATGCAATCTTTCAATAGGACGATA
leuS,WP_014261776.1,1,ATGAGAGAATACAATCCAAATCAAATTGAAAAA
arcC,WP_014261777.1,1,ATGAAAAGAATTGTAGTGGCACTTGGTGGAAAC
NA,WP_156775214.1,1,GTGGTGAACAATCATACACTGGACGAAATTAAG
ispE,WP_014261779.1,1,GTGAAACAGTTGAGTCTCGATGTTTGTGGGAAA
NA,WP_014261780.1,1,ATGGTTAAACAAAATATTGCGATTTTGTTTGGA
NA,WP_014261781.1,1,TTGCAAGATGCATTGATTAAAATAAAAACAACA
tilS,WP_014261782.1,1,ATGAATTTAAAAAATAAGGTGCTTGAGACAATA
ftsH,WP_014261783.1,1,TTGAAAAAATTTTTGCAAGGAACGATGTTCTAC
NA,WP_041250730.1,1,ATGAGTATTAGAATGAATAAAGAAGCAGCAGAT
pepF,WP_014261785.1,1,ATGATGGAAGTCATGAAAAAAAGAGATGAAACA
NA,WP_041250731.1,1,ATGGAAACATTTAACAAGATATCAATTGAAAAC
NA,WP_014261787.1,1,ATGAAATTATTCAAAATGGTTCTTCCACACACA
NA,WP_014261788.1,1,ATGTTAGTTAGAGAATCGCTTTTTGAGTTGAAG
NA,WP_014261789.1,1,ATGACAAAAAAAGAATTTCGTCAATTTGCAATC
NA,WP_014261790.1,1,ATGAAAATGACAAAATTTAAATTAATGTTATAT
NA,WP_014261791.1,1,TTGAGAGAAAAGAAAATCAGCTTAAGATTAGAA
NA,WP_014261792.1,1,ATGCTTCTCAAGGATTTGGCAAACAGTTTGGAT
NA,WP_049770185.1,1,ATGAGAATTGACAAGGGATATACGATATTGCAA
NA,WP_014261794.1,1,ATGGAAAAAATAGTAATCTATACAGATGGGGGT
NA,WP_242821718.1,1,ATGGGAATTGAATTAGGGAAAGTTAGAGATGGT
rnmV,WP_014261796.1,1,ATGATTAAAGAAGTGATTGTAGTAGAAGGAAAA
rsmA,WP_014261797.1,1,ATGGAACAAAATTTAGCAACATTTGTAACTTTG
NA,WP_014261798.1,1,ATGAAAATTTTGATTAAAAATGTATCCTGTTTG
xseA,WP_014261799.1,1,ATGAGAATAAGAACTTGGACAGTAGGAGAATTA
xseB,WP_169308498.1,1,ATGAAAAAATTAAAGTATGAAGAGAAAGTAAAT
NA,WP_014261801.1,1,ATGAAAAATAAATTTATATCAGCATATCAAGAA
NA,WP_014261802.1,1,ATGCAGGGTATTCATCAATTGTTACAGAATAAA
NA,WP_041250903.1,1,TTGAAACAACGATTAGATATTTTGTTGGTGGAA
recN,WP_014261804.1,1,ATGTTAAAAGAAATTTACATTGAAAATTTTGCT
NA,WP_014261805.1,1,ATGAATAAAGAAAATACTATTGACAGCAAGTCT
mltG,WP_014261806.1,1,ATGAAGTGTAATATTTTTAGAGTTCTGACATTG
NA,WP_014261807.1,1,ATGGAAATTGTCGAAAAGCATGTAGAAAATTAT
NA,WP_014261808.1,1,ATGAAAAAAATTGAGTTACTTTCTCCTGCCGGA
rny,WP_014261809.1,1,GTGGATAACATCGAACCGATTACAATTATAGTA
NA,WP_041250732.1,1,ATGATGAATCCGGAAATGGAAAAATTTTATTCC
NA,WP_014261811.1,1,ATGAAACATAGAACTATTTTGGCAGGAGTTTTT
NA,WP_049770186.1,1,ATGGAATATAATAATACTACAGCAAATTCAAGA
purE,WP_014261813.1,1,ATGAAAATAGCAATTGTTATGGGATCGGTATCT
purF,WP_014261814.1,1,TTGGCAGGAATTTTGGGGATAAAAAGCACACAA
purM,WP_014261815.1,1,ATGAAAAAAATAACATATGCAGATTCAGGAGTA
purN,WP_041250733.1,1,ATGTCGTCTTCAGTTCGGAGAATAGCAGTTTTC
purH,WP_156775217.1,1,ATCTTGAAGAGAGCATTATTAAGTGTTACAGAT
NA,WP_014261818.1,1,ATGAATATTTTAATTGTGGGTAGCGGAGCAAGA
NA,WP_014261819.1,1,ATGAAATTTTCAAACCGTATTACTTCTATGCAA
NA,WP_014261820.1,1,ATGGAGAATATAATGGTTTGTGTGACAGGACAG
tnpA,WP_014261821.1,1,ATGTCTCAACAAAATAATGTCAATAACAGTTTA
NA,WP_014261822.1,1,ATGAATAACAATAATGAAAAAAATAATATTAAA
NA,WP_049770188.1,1,ATGGTTTCCGGAAAATTTGACAGCAACAAAGAT
NA,WP_014261824.1,1,ATGAAAAAGAAATTAAAACTACAAAATTTAGGC
NA,WP_014261825.1,1,ATGAATCAAAATCAAAAAAAAGAAAGAAATAAG
NA,WP_014261826.1,1,ATGGTTAAATTATTTTTAGGAGAAGCAGGTAGT
NA,WP_014261827.1,1,ATGTCAAAATATAATCTAAAAACAAAAAATTTG
NA,WP_014261828.1,1,ATGAATTATAAAAATACTTACTCTACTTCATCA
obgE,WP_014261829.1,1,TTGTTTATAGATAAAGCAGAGATTTTTATAAAG
yhbY,WP_014261830.1,1,ATGATAACAACAAAGCAGAGAGGTTTTCTTAGA
ligA,WP_014261831.1,1,ATGGATGCTGAAAAAAAAATAAAGTTACTTAGG
gatC,WP_156775219.1,1,TTGATTTCAGGTCAATCGATAAGTATGGTAATA
gatA,WP_014261833.1,1,ATGGACTTGAAAAATATTAGTATTCAAGATGCA
gatB,WP_014261834.1,1,TTGAATTATAAAACATTAATTGGAATAGAAATT
asnA,WP_014261835.1,1,ATGGCAGTAGATAAGTTAATTTTACCGGAAGGA
NA,WP_014261836.1,1,ATGGATGATAGAAATATAGATTTTTTAAGAAAA
NA,WP_014261837.1,1,ATGAATTTAAATAATACTCAGATTAAAAACCTG
NA,WP_014261838.1,1,ATGGAAACAAAAAAATTCAAAAAAGTTTTAGTA
NA,WP_014261839.1,1,ATGTCAAGATGTGTAGGAACTATATCAAGAGGT
recJ,WP_014261840.1,1,ATGAGTAGTATATGGATGGAAAGGAACGATAAA
NA,WP_014261841.1,1,ATGGATTTAAAATCAAAAATCAGAGTTATTGAA
NA,WP_014261842.1,1,ATGCTTAGTGCTCTTTTAGATAAGATTAGAGAA
dtd,WP_014261843.1,1,ATGAGATTAGTGATTCAACGTGTAAATCATGCC
NA,WP_014261844.1,1,ATGGAATTGAAAGTATTTTTCCAAAATCATTAT
aspS,WP_014261845.1,1,ATGGATAATATTTGCGGATTAAAACGAACAAAC
NA,WP_014261846.1,1,ATGCAAAAGAAAATACAATATCCTATTATGGAA
NA,WP_014261847.1,1,ATGAAAAATAAAAAGTATGGAATATTTCATAAA
NA,WP_156775221.1,1,ATGAGAAAGCCTGATTTGATTGCTCATTTAGGA
NA,WP_014261849.1,1,TTGAATATTTGTATCGATATTGACGGAACAATG
NA,WP_014261850.1,1,ATGGCAGAAAAACAACAAGTATTGTTGAATGTA
proB,WP_014261851.1,1,ATGAGTAAAAAGGCTAAAAGAGTAGTTGTTAAA
NA,WP_014261852.1,1,TTGAATAATTTGATTACGCAAGAGTTGAAAGAG
NA,WP_014261853.1,1,ATGAAGGAACCAACAATAATTTTTTCTCATAAT
asd,WP_014261854.1,1,ATGAAAAAAACAAGAGTAGGTATTTTAGGAGCC
NA,WP_014261855.1,1,ATGAAACATGTAACTATTTATACAAGTCCGACA
hprK,WP_014261856.1,1,ATGGTGAAAAAATATGACGAAAGTCAAATTTCT
NA,WP_014261857.1,1,ATGGAACGGTTGTTGTCAAATGAAGTAAAAGAA
NA,WP_014261858.1,1,ATGGATATAGCAGAGTTAAATAAAGAACAGTTA
dut,WP_041250913.1,1,ATGGTCAATTTGGAAACCAAAAAAGTCTTTTTT
NA,WP_014261860.1,1,ATGAAAGAAAGAATAAAAAAAATCTTTGAAGAA
NA,WP_014261861.1,1,ATGGAACACGAATTAAAATGGAATCAACTGAAA
pyrR,WP_156775275.1,1,TTGAGAGAAAAAGCTATGATTATGGATCAAAAA
NA,WP_014261863.1,1,ATGACAGATAGTAAAATAGTAGAAACAGTTGGA
NA,WP_049770186.1,1,ATGGAATATAATAATACTACAGCAAATTCAAGA
NA,WP_014261864.1,1,ATGTGGAGTAGTCTATTTTTGAAGAAAAATTTA
rsmB,WP_049770189.1,1,TTGAAAAAACAATCCTTAAAAAAAGAAAAAAAT
rlmN,WP_014261866.1,1,ATGTGTGTTGATTTAAGAAGCATGGAGTATTAT
NA,WP_014261867.1,1,TTGAAGTATAGTTTATTGAGCGATAAAGGAAAT
pknB,WP_014261868.1,1,GTGGAGAAATTGATAGGAAAAATTTTAGGAAAC
rsgA,WP_014261869.1,1,ATGTTAGAGGGCATTATTACAAAAGCAATATCG
rpe,WP_014261870.1,1,ATGATAAAATTAGCACCATCTATACTTTCAGCA
NA,WP_014261871.1,1,ATGAGTCTTTTAGGAAAGAAAGCAGCTATACTA
NA,WP_014261872.1,1,ATGAAAGAACCTGTCGGTGGACAAGCGTTAATT
prmC,WP_014261873.1,1,ATGAATATTCAAGAATTATTAAAAGAGGGACAA
prfA,WP_014261874.1,1,ATGTTTGACAATTTAAAAGCGTTAGAAGAAAAA
NA,WP_014261875.1,1,ATGAAGGCAAAATTGTATACAATAAAAGATGTG
rpiB,WP_014261876.1,1,ATGAGAATTGCTTTAGGTTCAGATCATGGAGGA
upp,WP_014261877.1,1,ATGTCTAAAGGAAATGTAATTGTAGTAAATCAT
rplU,WP_014261878.1,1,ATGTACGCAGTTGTAGAAACAGGTGGAAAACAA
NA,WP_014261879.1,1,ATGACAAAAATTTCAATCATTGATAACCATGTA
rpmA,WP_014261880.1,1,ATGCTTCGTATCAATCTTCAACTTTTTGCGAGT
glyA,WP_049770190.1,1,ATGTACAATTATTATCATTTAATGAAAACAGAT
NA,WP_083799702.1,1,ATGAATAAATTGATAAAAACAGTAGCGGCAATC
NA,WP_014261883.1,1,ATGTTAATCAGCGGATTCCCGGGAGTGGGAAAG
NA,WP_014261884.1,1,ATGAAAGTAGGAAATATTTTAGTAAAGAAAGGC
NA,WP_014261885.1,1,ATGATGACATTGGAACCTATTATCAGAGAAAGT
NA,WP_014261886.1,1,ATGGATAAAACATTCAATTACCGTGCTGTAGAT
NA,WP_049770186.1,1,ATGGAATATAATAATACTACAGCAAATTCAAGA
NA,WP_014261887.1,1,GTGATTTTCTATGGAATTTTTTTAGTTCATTTT
NA,WP_014261888.1,1,ATGAAACTAAACAAAAAAAGAAAAGGATTTACT
NA,WP_041250736.1,1,TTGAAAATGGCAGAAAAATTCAACATTGCATTT
NA,WP_014261890.1,1,ATGAAGCAAAAAGGTCTTACGCTTACGGAGCTG
NA,WP_014261891.1,1,ATGAAGAAAAACAAAGGGATGACAATTGTCGAG
pilM,WP_041250738.1,1,ATGTTCGGAAAATCAAAAAGCATGAAAAAAAAT
NA,WP_014261893.1,1,ATGAGAGATTTTAACTTTTTTGCCCCATATCTG
NA,WP_041250739.1,1,ATGAAGTCAAAGACAAAGAAAAAGACACAAAAG
NA,WP_156775223.1,1,TTGATGTTTGAATTTCTTCCATATCTCCTTGCT
NA,WP_041250740.1,1,ATGATAATAGAAAGGACAGTGAGTCGTATGTTA
NA,WP_169308499.1,1,ATGAAAAAGTTAAGTCAAATAAAAGGGTTGTTC
NA,WP_014261898.1,1,ATGGAAATTTTGATGTTGATAATGATATTTTAT
NA,WP_014261899.1,1,ATGAAAAATAAAAAAATGATATCAATAGGAATG
NA,WP_014261900.1,1,GTGAAAAGATTATTTACTAAAAAAATCCTAACT
uvrB,WP_014261901.1,1,ATGCCGAAGTTTAATTTAACAACCTCATATCAA
uvrA,WP_014261902.1,1,TTGAACAAAGATAAAATTATTATTAAGGGTGCC
NA,WP_014261903.1,1,ATGATAATTGAAAAAATAGTAAAAACAAAAAAT
typA,WP_207635084.1,1,ATTATTTTGAAAAAAGAACAAATTAGAAATGTT
NA,WP_014261905.1,1,ATGAAAAGACACGGCAGTCTGTCAAAACGTTTG
NA,WP_014261906.1,1,ATGAAAAAAGAAAAAAAACAAAATGTAGATTAT
NA,WP_014261907.1,1,ATGAAACAAAAAACAAAAAAAAATTCTACACAG
NA,WP_014261908.1,1,ATGGAACCATATTATGTTTATTCCAATTTCCTA
NA,WP_014261909.1,1,ATGAAAAAAATTTATGAAGGAAAAACAAAAGAT
NA,WP_014261910.1,1,TTGAAAGCGGTAATCACAGTAATTGGAAAAGAC
NA,WP_014261911.1,1,ATGAATCGATTTAATATTCAAGAGACGATTAAA
NA,WP_014261912.1,1,ATGGGAAGAATACATAATATCGAAGGTAGAAAA
NA,WP_014261913.1,1,ATGAAAAAGATTTTACTGAATGGAATAGATGGA
NA,WP_014261914.1,1,ATGCGATTGGATCAATTTATTTCTTCAAATCTT
NA,WP_014261915.1,1,ATGAACAAAAAGTTAAGTAAAAGAAACGGATTT
NA,WP_014261916.1,1,ATGGAAAAAATACAGGTATTGTATGAAGATAAT
NA,WP_014261917.1,1,ATGAGTATATCTTCTCTAAAATCATATAGTGCC
argS,WP_014261918.1,1,ATGAATTTTAAAAAATTAGTATATACATTATTA
NA,WP_014261919.1,1,ATGACTGAACAAAAATATATGAATACAGTTTAT
NA,WP_014261920.1,1,ATGGGTATGAAAATAAATAGTAAATCAAGTAAA
pyk,WP_014261921.1,1,ATGAATCCGCTAAAAAAAACAAAAATTGTGTGT
pfkA,WP_014261922.1,1,ATGAGAAGGATTGCAGTTTTAACAAGTGGTGGA
NA,WP_014261923.1,1,TTGGAAAGAAAATTTACTCATCTGCATTTGCAT
NA,WP_014261924.1,1,ATGAAAAAATGGATTCAAAAGTTAAATTTTAAT
NA,WP_014261925.1,1,ATGAAAATGCTTATTTTAGAGGATGAAATGTCC
NA,WP_014261926.1,1,ATGAAAAAAATAAGTATGAAAATTAGATTTTTA
NA,WP_014261927.1,1,GTGAAATTTAAAGAATTTAATTTAAGAAAAGAA
NA,WP_014261928.1,1,ATGCTTCGTATACAGAACATAAAACTGTCATTG
NA,WP_014261929.1,1,ATGAAGAAACAAAAACATGTGGTTGTTATAGGA
NA,WP_041250742.1,1,ATGATAAGGACAAAATTATTATCAAATAAGGAC
NA,WP_014261931.1,1,ATGACTTTAAAGGATCGACTTACAGATGATTTA
rpsU,WP_014261932.1,1,GTGGCAACAGAAATTAAAGTAAAAGAAAATGAG
NA,WP_049770186.1,1,ATGGAATATAATAATACTACAGCAAATTCAAGA
NA,WP_014261933.1,1,ATGGAGTTATTTAAAAATTGGCAAAAAATGGCA
rpoD,WP_014261934.1,1,ATGATTAAAGAAGAAAGTAAAGAAAAAATGAAA
dnaG,WP_014261935.1,1,ATGAATTTTGACAACAGTTTTATAGAAAAAATA
NA,WP_014261936.1,1,ATGAGAAAATTTTTAGTTATTGACACATCAGCT
NA,WP_041250924.1,1,ATCTTGATTGTAGCTGACAATTGGAAAGATTAT
NA,WP_014261938.1,1,ATGAAGAAAAAATTAATTATCGAAGATAGTTCT
glmM,WP_014261939.1,1,ATGAGAAAATACTTTGGAACAGATGGAATAAGA
NA,WP_156775224.1,1,ATGAAGAACTTTTATAAAAAAAATGCAAAAGTC
cdaA,WP_014261941.1,1,ATGGAGTTGATTTTTTTGTGGGAAATAAAAGAT
NA,WP_014261942.1,1,ATGTTATTTATCTTGTTTTTTACTTTTTTTAAG
NA,WP_207635082.1,1,GTGAAGGATTTGAAATTGTATTTGGAAATTTTT
NA,WP_014261944.1,1,ATGAGTTGTATAGATATACATTTAAGAAAAAAT
NA,WP_049770192.1,1,ATGCTTTATAGACGTATATTATCCATAATGATT
NA,WP_014261946.1,1,ATGGATCGTTTTTATGTTGATCATCCTTTTAAG
prmA,WP_014261947.1,1,ATGAAATGGACAGAAGTAGAAATAGTAACGTCT
NA,WP_014261948.1,1,ATGCCAAATCCAATTGTTGAGATGAAAATTAAA
NA,WP_014261949.1,1,GTGAATAAAGCAGAATTAGTAACAAAAATGGCT
NA,WP_014261950.1,1,ATGTCTGTAACCATCATTGGACTGGGTCCGGGA
recA,WP_014261951.1,1,ATGAAAAGCTCAGATAAAAAAAGTAAAAATGTT
asnS,WP_041250929.1,1,ATGAAAAGCATTGATATTAGAGCTTTGTTTCGT
NA,WP_014261953.1,1,TTGAAGAAAAAAGAGTTGTTGAAAGTTGTTTTA
NA,WP_041250743.1,1,ATGGGATTATCTGAGGTTAGAAATCATGCAAAT
NA,WP_014261955.1,1,ATGGGGCTATTCGATAGTCATGTACACTTAGAT
metG,WP_014261956.1,1,TTGAGTAAAAAAACTTTTTATGTAACAACACCA
NA,WP_014261957.1,1,ATGAAAGAAAAAAACGATGCAAAAGAAAATTTT
NA,WP_014261958.1,1,ATGAAACACTCTACATCATCTATTGTTATGGTT
NA,WP_041250930.1,1,ATGATAAATACTATTGTAAAGAGAGGAGATATT
alr,WP_014261960.1,1,GTGAGACAATACGGAGCAACTTGGGCTGAGATT
acpS,WP_014261961.1,1,ATGGTTAAAGGAGTAGGGGTAGATATTGTTTCT
NA,WP_014261962.1,1,ATGAACAAAAAAATAAGTTTTTTCGTATATATT
NA,WP_014261963.1,1,TTGATTAATTTAATAAATATTTCCAAAAATTTT
NA,WP_014261964.1,1,ATGATTAGTGTATATTTCCCAAATATAATAGAT
nadD,WP_014261965.1,1,ATGGCACAAAAAATCGGAATACTTGGCGGAACT
yqeK,WP_014261966.1,1,TTGAATTTAGAAGAATTAAAACTACATTTAAAA
NA,WP_041250745.1,1,GTGAAAAAATTTCTTAAAAATATTAGTATTGCG
rsfS,WP_014261968.1,1,GTGAATGAGCTAAAAACCATCATTAGTGCCATA
NA,WP_014261969.1,1,ATGAGTAAAAATATCTCTTTATTTTTAATGATG
NA,WP_014261970.1,1,ATGGAAACTTATGTATGTTCAGTTTGTGGTTAT
tsf,WP_014261971.1,1,ATGCAAATTACTGCAGGAATGGTAAAAGAATTA
rpsB,WP_014261972.1,1,ATGAGTAATGTAGTTAGTATGAGACAATTATTG
NA,WP_014261973.1,1,ATGAGTAAAATCTTTGAAATGCCATTGGGAAAT
rpsO,WP_014261974.1,1,ATGACAGCAGAAAGAAAGACTGAAATTATTAAA
NA,WP_083799659.1,1,GTGTCATTTAAATCATATATGAACTCAATCGCG
truB,WP_014261976.1,1,ATGATGGATGGCTTCATTAATATTTTAAAACCA
NA,WP_014261977.1,1,ATGGATTTTAGAGATATTATTGAAAAAAATAAA
rbfA,WP_014261978.1,1,ATGTCTTATGATAGAACAAGAAGAATTTCTGAA
infB,WP_014261979.1,1,ATGGAGAAAATAAGAGTATATAAATTAGCTCAA
NA,WP_014261980.1,1,ATGAAGAATAAGGTACTTACATTGATTGGATTC
NA,WP_014261981.1,1,ATGGCAAGTGGCGTTGGAAAGATAAAAAAAGTT
nusA,WP_014261982.1,1,ATGAACGCTGAGTTTATATCTGCAATTCAACAA
rimP,WP_014261983.1,1,ATGTCAAAAAGAATTGCTGTTCAAATAGAAGAA
NA,WP_014261984.1,1,TTGAAGAAAAAGGATAGAGGATACATACTGATA
NA,WP_014261985.1,1,GTGATAAAATTGAAACGAAGGGGATTTTCTTTG
NA,WP_014261986.1,1,ATGAGGATTCGTAAGGGGAGCATTTTGATTTCT
NA,WP_014261987.1,1,GTGAAAAAAAGAAAAGGAGTAGTATTACTTGAA
NA,WP_041250746.1,1,ATGAAGAAAAAATATATTATATTTTTTATTGTC
NA,WP_014261989.1,1,GTGAAAAAGTTTATTATGCAAGAAATATCTAAG
NA,WP_014261990.1,1,TTGATATTGAAATCTATATATAGTCGACTGTTT
NA,WP_014261991.1,1,TTGAATTCAAAAATGTTTGAAGTTAAGAACTTG
NA,WP_169308501.1,1,TTGAAGTTATTTACAATGAGTAGTGTATCAGAT
nrdR,WP_014261993.1,1,ATGAAATGTCCGTTTTGCAATTCAGTTGATTCT
ftsZ,WP_014261994.1,1,ATGGTACAATTAGATATGAAAGATAATGTAAAT
NA,WP_014261995.1,1,ATGGTTTGGGCTGTGATTGGAATTTTATTGGGT
NA,WP_014261996.1,1,ATGCAAATAAAAAGCTTGAAGAATAATTTAATA
NA,WP_014261997.1,1,ATGAAGAATAATATTGATCGATTAAAAAACAGC
NA,WP_014261998.1,1,ATGGATAAAAGAACAAATAAAAATAGTACAAAT
murG,WP_014261999.1,1,ATGAAGGTAATTGTATCCGGTGGAGGAACAGGA
NA,WP_014262000.1,1,ATGAAAAAAAGGCGTCAGGGAGAAATGGATAAA
murD,WP_014262001.1,1,ATGAAAGAGAACAATAAATTTTTGATGATTGGG
mraY,WP_014262002.1,1,GTGAGTATTGTTTTTGCATCGATAATTTCTTTT
murF,WP_014262003.1,1,ATGAATATATTAAAATTTTCACAGATTGTTGAA
NA,WP_014262004.1,1,ATGAAACAGATAGAACAGAGAAAACAAAGAGAT
NA,WP_041250748.1,1,TTGAGAAAAGAAAGCAAAAAAAATATTGTTTCG
rsmH,WP_014262006.1,1,ATGGATTTTTTACACAAACCGGTCATGTTAAAT
lgt,WP_014262007.1,1,ATGGATCCGGTTGCATTTGAGATTTTTGGATTA
NA,WP_014262008.1,1,ATGAAACAACATAGTATGATGAGTCGTCTAAAA
NA,WP_014262009.1,1,TTGAGTATAAGAAAAACAGACCTTTGTCATGGG
NA,WP_014262010.1,1,ATGAAACCTGAATTAATCAATCGTATTAATGTT
NA,WP_014262011.1,1,ATGAATACAAATACAAGTCTTCCAATTCCTACA
rbsB,WP_014262012.1,1,ATGAGAAAGCGTTTAGCATTACTATTAACGGCC
NA,WP_014262013.1,1,ATGTTAAAAAAAATATCGATTAAAAAAATGAAA
NA,WP_014262014.1,1,ATGAGTATGAGTATATTAAGTCTAAAGAACATT
rbsD,WP_014262015.1,1,GTGAAAAAATCGGAATTATTAAATAGTGACTTA
rbsK,WP_014262016.1,1,ATGATTTGTGTAGTGGGAAGTTTGAATATGGAT
NA,WP_014262017.1,1,ATGAGAAAAACAATTCGAGATATTGCGAAGTTA
NA,WP_014262018.1,1,ATGCGCTTTGAAGAGGCTGAGCAATATATATGG
NA,WP_014262019.1,1,ATGAGAGAAAACGGTTTTTTTTCAAGAGCGATT
thiI,WP_014262020.1,1,ATGTATAATTCAATTGTTATTAGAAATGGTGAA
NA,WP_014262021.1,1,ATGGAGATTTATTTAGATAATAGTGCTACTACA
NA,WP_014262022.1,1,GTGCAAGGAACAAAAAGGATTGTTTTTTTAGGG
NA,WP_014262023.1,1,ATGATAAAAAAAGGAGATATCATAATAATTTGT
NA,WP_014262024.1,1,ATGGTATTAGAGATTGTTCCTATGCTTTTTGCA
NA,WP_014262025.1,1,ATGTCAAATTATATTGTGTTGGAAGATTTTGTT
NA,WP_169308502.1,1,TTGCAAAACAAATTAGGTAGAAATTTATTTCAA
yihA,WP_014262027.1,1,ATGAAAATAAAAAGTGTGGAGATGAATTTAAGT
lon,WP_014262028.1,1,ATGGGAAGAAGAAGTAAGAAAATGAAATTGCCG
NA,WP_041250749.1,1,TTGATACAGTCTGTTGTTTTAGTTTTTTTCTCG
NA,WP_014262029.1,1,TTGGAAAATCAAACAATTCAAGGAAGTTTTATT
NA,WP_014262030.1,1,TTGAAAAAATGGAACAAAGTGATAGCAAGTGTA
mfd,WP_014262031.1,1,ATGAAACAATTGGTAAAAAATTTAGAATTTCTT
pth,WP_014262032.1,1,ATGTATATTATTGTAGGGCTCGGTAATCCGGGG
NA,WP_014262033.1,1,ATGGAAGAAAATAGATTAGAAAAAGAGTTGTTT
cysS,WP_014262034.1,1,ATGCGTTTTTATAATACATTAACTCGAAGAAAA
mnmA,WP_174254345.1,1,ATGGAGTATATTGTGGCAAAAAAAGTCATTTTA
alaS,WP_014262036.1,1,ATGAAGTTAAAATTTAAGTCTGTCAATGAGATT
NA,WP_014262037.1,1,ATGAAAAATAAAGTAATACACTTTGTTGATATA
NA,WP_014262038.1,1,GTGAATACAAAGGGTAAGTTTCGAGAAGACTAC
NA,WP_014262040.1,1,GTGGATACAAAGGGTAAGTTTCGAGAAGACTAT
NA,WP_041250753.1,1,ATGCAAAAGGAAAAGCATCCAAAGAAGCAAAAA
NA,WP_041250754.1,1,GTGAATACAAAGGGTAAGTTTCGAGAAGACTAT
NA,WP_014262045.1,1,ATGAAAAATAAAGTAATACACTTTGTTGATATA
NA,WP_041250755.1,1,ATGAAAAGAAAAATAATCTTAGCTATAGATATA
NA,WP_049770193.1,1,TTGATATATGGATGGTACAAGGATAGCGATAGA
NA,WP_014262047.1,1,ATGGCAAAGGGATCTGTAAGAAAAAAAGGAAAA
NA,WP_242821728.1,1,ATGGTTCCCCGCATTGGAATGACGATTGATGAA
NA,WP_278214615.1,1,ATGTTTTTTTACAGAAGAAACCGAAATAATAAC
NA,WP_014262049.1,1,ATGAAAAAGATTAACCTACGAGATTATTACCCG
NA,WP_014262050.1,1,ATGAACAATGATGTAAAAAAAGAAAAATTAGAA
NA,WP_014262051.1,1,TTGCTTGAGATAAAGAATTTAAGCGTGAAATAC
NA,WP_014262052.1,1,ATGTTTAAAGCACGAAAGCCGGATCCCCGCGTA
NA,WP_014262053.1,1,ATGTTTAAGCGAATCAAACGAATTTTACAGATT
NA,WP_156775227.1,1,TTGAAAAATGGAATTAGAACCTTATTTCGATTT
NA,WP_014262055.1,1,ATGAAATATTTTGTTTATTCTCAAGCGGATTAC
NA,WP_049770186.1,1,ATGGAATATAATAATACTACAGCAAATTCAAGA
NA,WP_242821721.1,1,GTGGTTGACCGTTTATCCCGACATCTGGAAAAA
NA,WP_014262057.1,1,ATGGCGACAACACGAATCATCCCGATGCACATC
NA,WP_014262058.1,1,ATGAGAATACTGTTCAAACTTTTATTATGGCCG
NA,WP_014262059.1,1,ATGAAAGAGAAAAACAGAGTACGAAATGTCCAG
NA,WP_242821729.1,1,GTGATTATCAGCGGGATAGAGAAAGACCGCTAT
NA,WP_014262061.1,1,ATGATAAATGAAGCACGTTATATTCAATCGTAT
NA,WP_009531054.1,1,ATGAACACAAAAGAAATGATAAAACTGCTCATT
NA,WP_014262062.1,1,ATGGCAAAAACGGCGAATATCAATGTACGTATT
NA,WP_014262063.1,1,ATGTTAGAGCTTGTAACCACAGGTGCCTTTCGC
NA,WP_156775228.1,1,ATGAAGTATTTTACAGACAGTCCCTACGAAAGA
NA,WP_014262064.1,1,ATGAAAAATAAATTTCAGAAAATCACCTTAGGT
NA,WP_014262065.1,1,ATGACAAAACTGGAAAAAATCGACAAAGAGCTG
NA,WP_014262066.1,1,ATGAAGAAAAATAAAAATCGCTATATCCAGTCA
NA,WP_207635085.1,1,ATTATCGGCGGAGTGGATGCAAGGCTTGGCAGA
NA,WP_014262068.1,1,ATGCCGTATGTAACAATTCCAAAGGATTTATCC
NA,WP_014262069.1,1,ATGGGAAAGGAGGAATACCTGATACCAAGAAAA
NA,WP_014262070.1,1,ATGGATTATATCATCGACCAGTTCAATCAGTGG
NA,WP_034910652.1,1,ATGGCATTTTTCAATCAGGCAATCAGTACACTA
NA,WP_014262072.1,1,ATGAAACAAAACCTAAAAAAATATCTTCCTCAA
NA,WP_014262073.1,1,ATGCAGGAAGAAGTAAATGAGAGAGTCGTGCTT
NA,WP_014262074.1,1,ATGAGGAACATTAAGCTGGGAAGTCTCTTTGAC
NA,WP_014262075.1,1,ATGAAACGACCACTAGCATATATCAGCTGTGCT
NA,WP_014262076.1,1,ATGCCCGGAGTTACAAAACAGCAGATTGCCAAA
NA,WP_041250756.1,1,ATGAAACAAAAAAGAACATATAAAGCGTTGGTA
NA,WP_041250757.1,1,ATGAAAAATTATTATAAAAAGCGATTCTGTTTG
NA,WP_014262078.1,1,ATGGATGTATATAAAAAGATGTTCAAATATGTT
NA,WP_014262079.1,1,ATGAAAGTCAATCGTTCTCGTAAGTATGTTGTA
NA,WP_014262080.1,1,ATGGCAGAAAAACATTATACGCTTGGAACGGAA
NA,WP_014262081.1,1,GTGGAACTTGTCGTTGAACTCAAAGGCGGCAAA
NA,WP_014262082.1,1,ATGTTAAAATTAAAATTAAAATCTTTTCTAAAA
NA,WP_014262083.1,1,ATGAGTAAAAAAATCAAAGAAATCCCACAGGAT
NA,WP_014262084.1,1,ATGAGTAATGTATTAAAAAATCCGTTCAATAAA
NA,WP_014262085.1,1,ATGGGAGGAAGATTAATTTTTATTTCATTGATT
NA,WP_014262086.1,1,ATGGATGGAACAAAGATTATTTATTTAAGTATT
NA,WP_041250759.1,1,ATGAAAAAACAATGGATATTTATTACGGCATTG
NA,WP_041250760.1,1,ATGGAAAAGAAGATGTTTCAAACAGGAAGAGGT
NA,WP_014262089.1,1,ATGGCAAAAAAAGATTCAAATTTTCAAGTAAAA
csn2,WP_014262091.1,1,GTGAACTTAGTGTACTATGACTTGAATATGGAT
cas1,WP_014262093.1,1,ATGAGTTGGAGAGAAGTAATTATTACAGGTCAT
cas9,WP_014262094.1,1,TTGACAAAAGAATATTATTTAGGACTGGATGTA
NA,WP_014262095.1,1,ATGTCCGCAAGAAAAGACAACAAAGGTAGAGCT
NA,WP_014262096.1,1,ATGGGAAAGATGGGACGCCCTCTGGTTGATGAC
NA,WP_014262097.1,1,ATGAAAAATAAAGTCAATCATAAAAGATTTGTT
NA,WP_014262098.1,1,ATGAAAAAAGAATTTTATCTATATGTAAACGGA
NA,WP_014262099.1,1,ATGCGTAATATAAATAATCGAAAATGGATTTCG
NA,WP_014262100.1,1,ATGGAAGTATTAAAAACAAAATCACTAAAAAAA
NA,WP_014262101.1,1,ATGTTTGGGAAAAATGAATATGATGCTTTAAAT
NA,WP_014262102.1,1,ATGAAAAGAAAAATATATATTATTGAAGATGAT
NA,WP_014262103.1,1,GTGATAAAGAATAATATAGAACTCGATGTAAAA
NA,WP_014262104.1,1,ATGAATGTATGTTATAACATAAAAAACGCATCT
NA,WP_014262105.1,1,ATGAGTGATTTATTAAAAGGAAATAAAGTTCAG
NA,WP_014262106.1,1,ATGAACTTAGAAAATCTAGTAGATGAATATTTA
NA,WP_014262107.1,1,ATGGCAAATAGATATAGAAATAATGGAATATAT
NA,WP_014262108.1,1,ATGGCAGTTACAAAAATCCATCCAATAGAAAAA
NA,WP_014262109.1,1,ATGATTGGTCTGGTTATCATTTTTATAGCCTTA
NA,WP_014262110.1,1,ATGAAATTAGAAAAAGGCGATATTGTAAAAACA
NA,WP_014262111.1,1,ATGAATGACCTCATAAAAAATTATGAAAATATT
NA,WP_041250944.1,1,ATGGATAAGAATGAAGTATTACAATCACAGGAA
NA,WP_014262113.1,1,ATGTTTGATACGCTAATAAAATTTAGTAAAGAT
NA,WP_014262114.1,1,ATGGAACATAAACTTGTGATAGCAGAAAAACCG
NA,WP_014262115.1,1,TTGAATTTAAAAGACTATTTAGGAGAAACTAAC
NA,WP_014262116.1,1,ATGAAAACCAAATTGAAAAATAGGAGAACACAA
NA,WP_014262117.1,1,TTGAATAAGAAATACAGAAAAAATATAGAGAAA
NA,WP_041250945.1,1,ATGCAAAAGAAGATCAATAAATTTCAAAAGGAA
NA,WP_014262119.1,1,ATGAAGAATAAAGGAGAACATACAAGTTTTTTA
NA,WP_014262120.1,1,TTGAACAAAGACAAAAGAAAAAAACAGGAACAA
NA,WP_014262121.1,1,ATGGCATATGTAAAAGTACCAAAGGATTTGACG
NA,WP_014262122.1,1,ATGAAAAACATCAATAGGAAAACAAGAATATTT
NA,WP_014262123.1,1,ATGCTTAATTTATTCGAAAAAATAAATGAGTTT
NA,WP_005538895.1,1,ATGGATTTTTTTGTACAAGCAGTCAATGTGCTT
NA,WP_014262124.1,1,ATGCAAAAAGAAATGCTGAATATCAACGGAAAC
NA,WP_009429691.1,1,ATGCAAGAAAAAAGAAATGAACAAACTACAGGA
NA,WP_014262126.1,1,TTGGAAAAGAAAGAGCTGTCTATCACAAGTGAT
NA,WP_014262127.1,1,ATGGCAGATAAAAGAATGTTTTCACTCAAGATA
mobQ,WP_014262128.1,1,ATGGAAATCAAAAGTTTGCATACCCATGTAGAT
NA,WP_014262129.1,1,ATGAAAGAGTTAGAAAATGTAATGAGCCAGTTA
NA,WP_014262130.1,1,ATGGATAAAAAGGATTACTACCTTTATGTCAAA
NA,WP_009222493.1,1,ATGAAAGAAGATATGAAAACACAACTATTAACC
NA,WP_014262131.1,1,ATGCTTGAATTACAAAATTTAACAGTGGGTTTT
NA,WP_009525613.1,1,ATGATAATCAAACTTGATTTTCGTACAAAACTT
NA,WP_009525612.1,1,ATGAGCAAACGATTAGAGGTAAAGGATTTAATC
NA,WP_009529548.1,1,TTGAAAGAAGAAAAACAAAAAGTAGGACAAATC
NA,WP_014262132.1,1,GTGAGAAATTATGAGAAAATAACCGCTTTGTAT
NA,WP_278214653.1,1,ATCTTCCCAAAAGGTACCGTCCTTGTTGAGTGC
NA,WP_006627244.1,1,ATGGAAGAAGAAAAAAGAGTAATAAAAGAACCA
NA,WP_014262134.1,1,ATGACAAAAAAGAGAAAAATAATAATTTTTATT
NA,WP_014262136.1,1,ATGAAAAACATAGATGAAAAAATCTTAATGGCA
NA,WP_009525605.1,1,ATGAATGTGAATGAAGCTTGGAGTAAACTTTTT
NA,WP_009525604.1,1,ATGACTAAAAATTCAAGAAAAAAGAATATTGTT
NA,WP_002694906.1,1,ATGAATGTATCTTATCAACCGCTTTGGAAGATT
NA,WP_014262137.1,1,ATGTCAAATACGAAAAGAACAGGACAAACGGCA
NA,WP_014262139.1,1,TTGATCAATGAAGAAGTAACAAGACAAGTGATT
NA,WP_014262140.1,1,ATGGAAACTACAAGAGAACTTTTTGATAAGGTA
NA,WP_003037562.1,1,ATGAATATTAAATTTAGCTATTATTACGGAAAA
NA,WP_003037566.1,1,ATGGATGAAATAAAACTATATGAAAATAAAGAA
NA,WP_014262141.1,1,ATGAGTAAAAAACTTGTGAAAAGAGAAATAACC
NA,WP_014262142.1,1,ATGGCAGAAATTATCACCGTTGCCAATCGAAAA
NA,WP_041250762.1,1,ATGGACTTTGACTATTTCTATAACAGAGAGGCA
NA,WP_041250947.1,1,ATGAAATGGATAATAAAAATAATCTTGTTTCCA
lysS,WP_041250948.1,1,ATGGAACAAAATCAAACCCCTATGAGTGAATTT
greA,WP_207635087.1,1,ATTTTAAGTAATGAAGAAGCCCTAATTACCCAA
dusB,WP_014262148.1,1,ATGAAGATAGGTAATTATGAAACAAAAGGAAAT
NA,WP_014262149.1,1,ATGCTTTTAGTAATAGATGTTGGAAATACAAAT
NA,WP_041250763.1,1,ATGAAACGAGAAATTATTGATTTACTTTGTCAG
NA,WP_014262151.1,1,ATGAAAAACATGAAAACAATTTCTTTGTTGTTA
NA,WP_014262152.1,1,TTGAATGAAACAATTGTCGTATTTTCCGCAACG
NA,WP_014262153.1,1,ATGAAGGATTTTTTATCTGCTGTGGTTCTTATT
NA,WP_014262154.1,1,TTGAACGCATATCAAAATCCTTTCACAATTTCC
NA,WP_014262155.1,1,ATGATTGAATTTTTGAAAGTATTTATTTTGGGA
nifJ,WP_041250764.1,1,ATGTCAAAGAAAATAATGAAAACAATGGATGGG
nifU,WP_014262157.1,1,ATGTTATATACAGAAAAAGTAATGGACCATTTT
nifS,WP_014262158.1,1,ATGGATAGAAAGTATGTGTATATGGATAACTCA
NA,WP_014262159.1,1,ATGAAACTATCGACAAAGGGACGGTATGGATTA
NA,WP_014262160.1,1,ATGAAAAATACAAAACAATTAGGAAACTTTGGA
NA,WP_014262161.1,1,ATGTTTTTCAAAAGTTTGAGTTCCGGAATAGAA
dprA,WP_014262162.1,1,ATGTTCAATATATTTTTAATTTTCAGCATTGCG
topA,WP_014262163.1,1,ATGGCAAAAAATCTGGTAATTGTAGAATCTCCT
codY,WP_014262164.1,1,ATGTCAAGTGTTCTTCTACAAAAGACAAGAACA
NA,WP_014262165.1,1,ATGAATACTCCATTTGCAGAAATTGTTCGTCCC
NA,WP_014262166.1,1,ATGGCTATTATAAACTTCGAACCAAAAAGAGTA
truA,WP_014262167.1,1,ATGAATCAAAATATTTTACTTAAAATACAATAC
NA,WP_014262168.1,1,ATGAAAAAATCTTATTATATTTTAATGATGGCA
NA,WP_014262169.1,1,ATGATAGAAGAAAGAACACTTCGTGTGTTGGAA
NA,WP_014262170.1,1,ATGAAAAAAAATATAGAAATTTTGGCGCCGGCA
zapA,WP_014262171.1,1,ATGAATAAAGTTACAGTGAAAATTGCAAATCAA
NA,WP_041250765.1,1,ATGATAGAAGAGTTAATCAAAAAGAATCGTGCT
proC,WP_156775229.1,1,ATGAAAATAGGATTTATTGGATTTGGAAATATG
NA,WP_014262174.1,1,ATGAACACAGTCATATTGTACGGAAGTATGAAA
NA,WP_014262175.1,1,ATGAAAAAAAATAAACATGGAGCCAATCTCTTT
NA,WP_014262176.1,1,ATGAATATTCAACGAAAAAAGAAATTAGAACAA
lepB,WP_014262177.1,1,ATGAGTAAAGAAATTAAAAGAGAAATTTTTGAA
NA,WP_014262178.1,1,ATGGAAGTAAAATCTTTTTTTGGAGAACATCAT
ispG,WP_041250955.1,1,ATGAATCGAAAAAACACAAGAGCGGTTAATGTC
NA,WP_014262180.1,1,ATGGGAATTTTTCATACAATAATAGCGTTGTTG
NA,WP_014262181.1,1,ATGTTGGTTAGACTTTTGTCAGCTTTAGTTTTG
NA,WP_014262182.1,1,ATGTTAGATCAATTAGATAGAGAATATATGCCG
NA,WP_014262183.1,1,ATGTTACAATATCGGCAATTGATTGGGAAATCT
frr,WP_014262184.1,1,ATGAAATTAGAAGTGCATATTGAATTAGAAGAT
pyrH,WP_014262185.1,1,ATGCAGAGTGCACAATATAAGAGAGTGCTGTTA
NA,WP_014262186.1,1,ATGAAAGTATTTAATATTCAAATGAACATCGAT
dcd,WP_041250767.1,1,TTGATACTATCAGGGAAAGAAATTTTTCGAAGA
scfB,WP_014262188.1,1,ATGATACATCAATATAAATTGAATGGCTATAAT
scfA,WP_207635088.1,1,GTGAGTAGAATCAAGACATTAAACACAAGAAAT
NA,WP_156775230.1,1,TTGGAGAAATATGAAACAGACGAAGAGGTGCAT
NA,WP_014262191.1,1,ATGCGCAACTTAACACTTTTAACAGATTTATAT
murI,WP_014262192.1,1,ATGAATATAGGTATTTTTGATTCAGGAATTGGA
NA,WP_014262193.1,1,ATGACCTATCAAGAAACAATTGCACATTTTGAA
ung,WP_014262194.1,1,TTGGTTAATTTCGGAAATAAGTGGGACTCTCTG
NA,WP_014262195.1,1,ATGAAGAAATTTACAGAATTTAATATTTCAAAA
NA,WP_014262196.1,1,ATGAATAGATATCCAACAGCATTAAAAGAAAAA
lexA,WP_014262197.1,1,ATGTTTTCAGACTTAAATGAAAAAGAAAAATCT
NA,WP_014262198.1,1,ATGAAAAGTTTCGGTTTATTTAATCAAACCTTA
dnaJ,WP_014262199.1,1,ATGGAGAAAAGAGATTATTATGAGGTTCTTGGA
dnaK,WP_014262200.1,1,ATGGGTAAAACAATAGGAATAGATTTAGGTACT
grpE,WP_014262201.1,1,TTGTCAAAAGATGAAAAAGAAATGATATTAGAA
hrcA,WP_014262202.1,1,ATGAAAAATAATTTAACTGATCGAAAGTTGAGG
NA,WP_242821722.1,1,ATGAAAAAAGGGATAGGTAATAAGATAAAAGAA
NA,WP_014262204.1,1,ATGAAGGAACAAAAAATAGAGTATGATATTATC
NA,WP_014262205.1,1,ATGAAGAAAGTAATTAATGTAGTAGGGATGAGT
gltS,WP_014262206.1,1,ATGGTAATTGAGATGAACATGGTAAAAACCCTA
rpsI,WP_014262207.1,1,ATGGCTAAAGTACAGTATTTTGGAACAGGAAGA
rplM,WP_014262208.1,1,ATGAAGTCTTATATTTCTAAAGCATCTGACGTA
NA,WP_014262209.1,1,ATGAGTTGTTTATTTTGTAGCATTGTGTCCGGA
mtaB,WP_014262210.1,1,ATGACATTGGGCTGCAAGGTCAATCAATATGAG
NA,WP_014262211.1,1,ATGGGTACTATTTTGGAAATTAACTCGAGGATT
NA,WP_242821723.1,1,GTGGAAATTACAAAAAAACATTTAAATACCAGA
NA,WP_014262213.1,1,ATGAAAACGAAGAATATAATTACAACGGCATTA
NA,WP_014262214.1,1,ATGGAGAGTTTTTGGGTATCATTTAATGCAGTT
mreB,WP_014262215.1,1,ATGAAATTTACACCGGATATCGGAATTGATTTG
murA,WP_156775231.1,1,TTGGCGTATATTACAGTAAAAGAAAGTCCTAGT
NA,WP_014262217.1,1,ATGCTTAAAAGATTGGAAAAAAACAAAGATATT
NA,WP_014262218.1,1,ATGGCAATAAATATTGTGTTAATTGAACCTGAA
NA,WP_014262219.1,1,ATGAAAAAAATGGTGGGTATAGCAGTAGGAGTC
nth,WP_014262220.1,1,GTGAACAAAGCAAGAAAAATAGTTTCTGTTCTT
NA,WP_014262221.1,1,ATGAAAATAGGAATCTTAGAAATTACATTATTG
NA,WP_014262222.1,1,ATGAGTTTGTTGACAGTAAAAAATGTAAGTCAT
NA,WP_014262223.1,1,ATGATAGAAAATTTGAAGGGAAAAGATTTCAAA
NA,WP_014262224.1,1,ATGAAAAACAGGATTCAAGATGCAATATTTTTG
NA,WP_014262225.1,1,ATGTTGAAAAAAATACTGTCTGTAGTTATCACT
hpt,WP_014262226.1,1,ATGTTAGAGATTGGCGGGATTTTGTTAACGGAA
NA,WP_014262227.1,1,ATGTTTGAATTTGAAAAACCAATTTTATATAAG
coaBC,WP_041250769.1,1,ATGGATATGGAAAAAAATATTGTTGTGGGTGTG
gmk,WP_014262229.1,1,ATGAAGAAAAAAGGACTGTTGATTGTGCTTTCG
NA,WP_014262230.1,1,ATGTTTAGTATGACAGGTTACGGTAGAGCAACA
NA,WP_014262231.1,1,ATGGATTTACTCAAACATATACAACAAAATAAT
NA,WP_014262232.1,1,ATGTCAAAATATATGATTCGTGATGTGCAGGAG
NA,WP_014262233.1,1,ATGTCAAAAGTAGGTACAGGCAATATAATAGAG
NA,WP_014262234.1,1,ATGAGCATAAAGTTGGTCAGAATAGGTGTTAAT
NA,WP_014262235.1,1,ATGGAAATGTTTCAATATGCATTTATGCAAAAA
NA,WP_014262236.1,1,GTGAACGAAATTATTTCTTTAGATAATGTCACA
NA,WP_014262237.1,1,ATGAAAAGATTTTGGAATAAAGCACTTACAGTT
NA,WP_041250770.1,1,ATGATTCAAAATGAAATCAATAACGAAAAATTC
pgsA,WP_014262239.1,1,ATGAATACACCAAACAAACTGACTGTTTTGAGA
rimO,WP_014262240.1,1,ATGGGGACGAATTGGAATAAAGTATTTATTACA
NA,WP_014262241.1,1,TTGGCAAAGAAAAGAAATGCGGCAGAAAAAAAA
NA,WP_014262242.1,1,TTGAAATATAAGAACAAGTATAATAAGGATTTG
NA,WP_014262243.1,1,ATGAAGAATAATTACAGTATTTTTTTACAAGGG
NA,WP_014262244.1,1,ATGAACAATAAAGATGAATTATTCTCTATCTTT
ychF,WP_014262245.1,1,ATGAAATTAGGAATCGCAGGATTGCCGAATGTA
NA,WP_014262246.1,1,ATGTTTTATAAACAGTCAAAAAAGAGGAAAATA
gltA,WP_014262247.1,1,ATGATAGATAAAAAAGTAAAAGTTCCCGTAAGA
NA,WP_014262248.1,1,ATGGGATATCGCATTGTACACAAAAAACAATTA
NA,WP_014262249.1,1,ATGAATACAAAACAATTGGAAATAATGCAAGAC
NA,WP_014262250.1,1,ATGAAACAATACTATGATAATTTAATATACTAT
hslO,WP_014262251.1,1,ATGGGAAGACTATTAAGAGCAATTTCAGACAAT
NA,WP_014262252.1,1,GTGGCATATGAGGTAATATCTAAAATTTACGAC
NA,WP_014262254.1,1,ATGGTTATAACCATTAAAGATGTCGCAAGAATG
trmB,WP_014262255.1,1,ATGAGATACAGAAGGCCGAAATATTTTAAAGAA
acpP,WP_041250771.1,1,ATGATTTTTAATGTAATTCAAGATATTATTGCT
NA,WP_014262257.1,1,ATGTGGATACCTGGAAAACAGAAATATAATTAT
NA,WP_156775232.1,1,TTGAAAAAATCAGTAGTGATTACTTATAATGAT
NA,WP_014262259.1,1,ATGAGCGAAACTTTCAATAAGTGGAAGCAGACA
NA,WP_041250772.1,1,ATGGCAAATTTATCAAAAACATATCAACCGAAA
NA,WP_014262261.1,1,ATGAAACAAGTAATAAGATGGGTTGAATATTAT
NA,WP_014262262.1,1,ATGTTATCAACAGTTTTGACTGTCATTGCTTCC
NA,WP_014262263.1,1,ATGAATGGTAATTTTGTTTATAAAGTAAACGAA
NA,WP_014262264.1,1,ATGAACCAAACGGTAAATGTAGGCAAAACAATT
lepA,WP_014262265.1,1,TTGAATAGAAAGGAAAGAACCAGAAATTTTAGT
rpsT,WP_041250773.1,1,TTGGCTAATATAAAATCCGCTCAAAAAAGAATT
holA,WP_014262267.1,1,ATGACATACAAAGAACAAAAAAACAAAGCAACT
NA,WP_014262268.1,1,ATGACTATGTATAAATTCATTCTATTCAGACGA
NA,WP_014262269.1,1,ATGAAGATTCGATTTGCAAGGGAAGAAGATAAA
NA,WP_014262270.1,1,ATGAGCATCCTTGATGGAAAGGAAAATTTACAT
NA,WP_014262271.1,1,ATGAATACTCATTGTATAAAAAAGAATTTATTC
NA,WP_014262272.1,1,ATGTCAAAAACAGAACAGAGCTCTGTAAACAAA
tuf,WP_014262273.1,1,ATGGGAAAAGCAAAATTTGAAAGAAGTAAACCA
fusA,WP_014262274.1,1,GTGCCAAGACAATTTCCTTTAGAAAAGACAAGA
rpsG,WP_014262275.1,1,GTGCCAAGAAGAGGTAATATTCCAAAGAGAGAA
rpsL,WP_014262276.1,1,ATGCCAACCATTAACCAGTTAGTAAGAAAAGGA
NA,WP_014262277.1,1,ATGGAGCAAAAGAAGGGATATCAAGATTTGACC
rpmB,WP_014262278.1,1,ATGGCAAGAGTATGTGATGTATGCGGAAAAGGA
NA,WP_242821724.1,1,TTGAATCAAAAGGAACCTAAGAGAAGACAAGTT
NA,WP_014262280.1,1,TTGAATCAGAGAGAAAGTAACAAAAAGCATGTG
uvrC,WP_014262281.1,1,TTGAAGGAACAAATTAAAAATTTAATCAATACG
NA,WP_014262282.1,1,ATGGCTGACAAAAAACATGATAAGACGCAATTC
NA,WP_041250969.1,1,GTGAAGAACAAGACTTGTGTGGAATTTGATGTT
NA,WP_014262284.1,1,ATGAAGAGTAAAAATCTTGAAATTATGAAAAAA
NA,WP_207635089.1,1,ATGTTTCCCCTTATACCAAGGTTTCTCCTTGGA
NA,WP_014262286.1,1,ATGAAAAGAATTTATGATAGAAAAAATCAAAAA
NA,WP_014262287.1,1,ATGATGATAGGAAAATGGAATCGGACAGTAATT
NA,WP_049770197.1,1,TTGATAAGCTTGAACGCAGAAATGACGGTAGAA
NA,WP_014262289.1,1,ATGAATGAAGTTGTTACAATGTATTTGACTTTG
rpmF,WP_014262290.1,1,ATGGCAGTACCAAAGAGAAAAACCGCAAAAAGT
NA,WP_014262291.1,1,ATGGCGGTTATAGATATTACTGATGTAAAAAAA
NA,WP_014262292.1,1,GTGAAAATATTAGTCATCAACTGCGGAAGTTCT
NA,WP_014262293.1,1,ATGAAATCATTTTCAAAAAATTTTTATGGCATC
NA,WP_014262294.1,1,TTGATAGAACAGCAAAAAAAATTAGCAGAAGAA
NA,WP_014262597.1,1,GTGAAGAGCATAAAGACTCGCGTAGAAGAGCTT
NA,WP_014262296.1,1,ATGATGAACTTAAAAAAAGAATTTGATTTATAT
NA,WP_014262297.1,1,TTGTATCAATATATTGTTTTTGATTTAGATATG
NA,WP_014262298.1,1,ATGAATGCTGAAATACTGTGTGTGGGAACAGAA
NA,WP_014262299.1,1,ATGGAACAATATCAGGATAAAATCAAAACATCA
NA,WP_014262300.1,1,ATGGCTTATAAAATTTCTGATAGTTGCATTGGA
NA,WP_014262301.1,1,ATGGCTGAAACATTAAACCCTTTTTTGAATGCA
clpX,WP_014262302.1,1,ATGTCAAGAAATGATGAAAACAAAGAGTACAGA
clpP,WP_041250971.1,1,ATGGCATATGTACCGGTTGTTGTAGAACAAAGC
tig,WP_014262304.1,1,ATGAGTGAAATTCTAAAAAAAGAAAAAAGTTTA
NA,WP_014262305.1,1,TTGAAAATACCATCTGGTATTTTCAGTTCTCCA
NA,WP_041250774.1,1,TTGAAAACAGAACTTGAACAATTAGAGAAAGAA
NA,WP_014262307.1,1,ATGAAAAAAAGAATTGCATTATTTTTAGTAAGC
radA,WP_014262308.1,1,ATGAGCAAAATAAAAAGAGTATATATTTGTAAA
NA,WP_014262309.1,1,ATGGATTTTTTATATCAAGGAATATTAAGTATT
NA,WP_041250775.1,1,ATGACAAATAAAAGAATATCTCCTTTTACACTC
NA,WP_014262310.1,1,TTGCAGGAAAAAAAGATACAAATAATAAAGCAA
NA,WP_014262311.1,1,ATGAGAGAAAGACAAAATAAAACAAAAGAGATG
NA,WP_014262312.1,1,TTGAATAAAAAAATAATATTTGGAATCATATCT
murJ,WP_041250776.1,1,ATGACAAATTTATCGTCATGGGCATTTATTATG
NA,WP_014262314.1,1,ATGGTACTTTTTGGAAAATATGTGAAATTATCT
dnaB,WP_014262315.1,1,ATGGAAGGAAAAGTGGTACCGTATTCTTTGCAA
rplI,WP_014262316.1,1,ATGAAAGTAATTTTGCTAAAAGATGTAAAGGGA
NA,WP_014262317.1,1,ATGAAAATAGAATGGAAGATTTATAGAGCTTAT
NA,WP_041250777.1,1,GTGTCAGAGAAAAATAATAAAAATGTACAACTA
NA,WP_014262318.1,1,ATGGATTGTTATATGGAAGAGGCATTTCGTGAG
NA,WP_014262319.1,1,ATGGTGGATCAAGGATCAGATAAGATAGAAGGA
NA,WP_169308503.1,1,ATGATAAGAGCAGATTTGCACATGCACACTACC
metK,WP_014262321.1,1,ATGAGAAAATTATTTACATCAGAGTCGGTAACA
NA,WP_014262322.1,1,ATGAGTAAAAATAAATACATCTGTCTTATAGTA
NA,WP_041250779.1,1,ATGATAAAAATTGTTGTAGATTCGAGTTGCGAT
NA,WP_156775235.1,1,ATGAAAAAGTATTTTTTGATGACATTCCTACTT
NA,WP_041250977.1,1,GTGGAGGAAATTAAACGAAAACAGCTGTTCAAT
NA,WP_014262326.1,1,ATGCAGATTTTGAAAAGAAGTGGAGAAAAAAGA
NA,WP_014262327.1,1,ATGAAACTTGAAAGAATGAAAAAATTTGTGATT
NA,WP_014262328.1,1,ATGATAAGAAAAATAATTAAAATTAACGAAGAT
NA,WP_014262329.1,1,ATGGCTTATACAGATTGGAAAAATAAAGTAAAC
NA,WP_014262330.1,1,ATGGAACTTACAAGCAAAACCAAATTGAAAGAT
NA,WP_014262331.1,1,GTGAAAGAAGAGGCAGGTAAAGTATTTTCCATA
NA,WP_014262332.1,1,ATGTCCAAAAGACCAAAAATAACCATCACCCTG
hcp,WP_014262333.1,1,ATGAGTATGTTTTGTTATCAATGTCAGGAAACT
bioA,WP_014262334.1,1,ATGAAATCAATGGTAGATTGGCAAAAAGAAGAT
bioD,WP_014262335.1,1,ATGAGCAAAGGTATTTTTGTGACAGGAACAGGA
NA,WP_041250780.1,1,ATGATGGAACAATTAAACAGACAAACCGCAGTA
NA,WP_014262337.1,1,ATGAAAAGAAAATTAGCAGCATTGTTAGGAATC
sdaAA,WP_014262338.1,1,TTGTTAAATACAGAAAAAGAGATTATAGAAACT
sdaAB,WP_014262339.1,1,ATGGCAGAATATACTGCGTTTGATATATTGGGT
NA,WP_041250979.1,1,ATGTTATTCGACAAAACGATGAAAGAGTTTGTA
NA,WP_156775237.1,1,ATGAAAAAGGGGAGGAATGGTTTTATCGAAGTT
NA,WP_014262342.1,1,ATGTTGAAAGTAAAAACAGATATTGAAATTGCA
gltX,WP_156775238.1,1,ATTATGACACGAGTACGATTTGCACCATCTCCT
ispF,WP_041250781.1,1,TTGAGAATAGGGATAGGATACGATATCCATCAG
ispD,WP_049770198.1,1,ATGATCATGGTCAGTGTCATTGTTGTTGCGGCA
phaC,WP_014262344.1,1,ATGTATAAGATTTGCGATTGGAAAAAGAACTTT
NA,WP_014262345.1,1,ATGAATAACGATTTTTTAAAAAATATGGTAGAA
NA,WP_014262346.1,1,ATGGAGTATGATGAAATTAAGGTAGGAGACTCT
NA,WP_014262347.1,1,ATGGCTGAAGGAATTACTCTGTTATTGTTTTTA
NA,WP_014262348.1,1,ATGAAAATCTTAGTCTGTGTCAAACAAGTTCCA
NA,WP_014262349.1,1,ATGGAATACAAAAATATATGGGTCATCATCGAA
NA,WP_014262350.1,1,TTGCAACTAAAAAAAATCATTTCAGCAACACTG
NA,WP_014262351.1,1,ATGTACGATCAACCGTTGAACAGTACAGTTTTG
NA,WP_014262352.1,1,ATGAATCCATTTATTTATGAAATACCGACAAAG
NA,WP_242821725.1,1,ATGTCGGAAAAAGGAGCGATTAACTTAAAAAAA
NA,WP_014262354.1,1,TTGGAGAATAAGAAAAAATCAATACTAAAAAGA
NA,WP_014262355.1,1,ATGAGCGATTTTTATAACTTTGTTAAAAGCTTT
NA,WP_014262357.1,1,ATGCTACTACAAAAAAATTGGTCAAAGACAACA
NA,WP_014262358.1,1,ATGAAACACAAGAAAAAAATGGGTGTCATCGGT
NA,WP_014262359.1,1,ATGGATCGTAAGACGCAATATATTTATGAGAGA
NA,WP_014262360.1,1,ATGTTTTTTAAAGAAGAAATCAATGAAGAATTA
arcA,WP_014262361.1,1,ATGACAAACAGGCGTAACTTGCAAGTTTATTCT
glpX,WP_014262362.1,1,ATGGATAGAAATATTGCTTTAGAATTGGTAAGA
gpmA,WP_014262363.1,1,ATGAGTTATAAATTAGTTTTGGTAAGACACGGC
NA,WP_041250783.1,1,ATGGGCAAAATTAGAAGATATATATTCACTATT
NA,WP_014262365.1,1,TTGAGTTTGGAACAACAGTATCAACGAGATATA
NA,WP_014262366.1,1,ATGAAAGAACTAAGTCTGGAAATGAAAGAACGG
NA,WP_242821726.1,1,ATGAAAACAAATAACAAAATTGAAACAAATAGT
NA,WP_014262368.1,1,ATGAATTTACAGGAAGCATTTGAGGCATTAAAG
NA,WP_014262369.1,1,ATGCTATTTGGAAAAGGAGAAATTCGAGATGAT
NA,WP_156775240.1,1,ATGGCATTTGAAATTATTAGATTAACGGAAGAA
NA,WP_014262370.1,1,ATGGGAACAAATGTTGAAAGTCCAATGGATGAT
NA,WP_014262371.1,1,ATGTATGAGTTGGAAATTCAAAAATTAAGAACG
NA,WP_014262372.1,1,ATGAATAAGAAAAGAATAGGAGCATTGATGTTG
NA,WP_014262373.1,1,ATGAACGAAAAATTCACATCAAATGCAGCGATT
argB,WP_014262374.1,1,ATGGCAAATGTACAAGAAAAAATCGCCGTTTTA
argJ,WP_014262375.1,1,ATGAATAATACATATCGTTTTGTCGATGGAGGA
argC,WP_014262376.1,1,ATGATTAGATTTTCAATGATTGGTGCGGCAAGT
NA,WP_014262377.1,1,ATGAAAAGAATTGCAAGCGTAGGGTTGGCTTTG
NA,WP_014262378.1,1,ATGAAGAAAATAATGGCATTCGGTTGTTCTTTG
NA,WP_014262379.1,1,ATGCTTATTAAAGAAAGTTTTTTGTTAGCATTA
NA,WP_014262380.1,1,GTGAAACAATTGCCGAATAATGACAAAAAAGTT
NA,WP_014262381.1,1,ATGGAACAAAGTAAAGAGTTGATGGCTACAACC
NA,WP_041250785.1,1,GTGTCCACCAAAACACAAACTGCTTTGCATAAT
NA,WP_014262383.1,1,GTGAATCAGCATCTGAAAGAATTGATAGCATTA
NA,WP_014262384.1,1,ATGCTTAAAATACTTTTCGTCTGCCATGGCAAT
NA,WP_014262385.1,1,ATGTTTTTAAGTCAATTATCAGAAAAAGAGAAA
NA,WP_014262386.1,1,ATGCCATTACCACTTATTATTGGAGGAATTACA
NA,WP_041250786.1,1,ATGTTTAAGTGTACTTGTTGTGGAGAGTGTTGC
NA,WP_014262387.1,1,TTGAGTTCATTTGTTGCAGAATTGAACAATGGT
NA,WP_278214645.1,1,ATGATAGAAGGATATATGACTATCAATGAACTG
NA,WP_041250788.1,1,ATGGAGAAGATATGTCCTAAATGCAAATCGAAA
rplS,WP_014262389.1,1,ATGGAAATTTTAAAACAAATTGAACAAGAACAA
NA,WP_014262390.1,1,ATGAAAAAAGTTTTGTTCGTTGGTTCATCCATA
NA,WP_014262391.1,1,ATGAAACATCAGCCGGAGGAAAATCAGTCTGTA
NA,WP_014262392.1,1,TTGAAAAAAAGATGTGTGGCAGTAACGTTGTTA
NA,WP_014262393.1,1,ATGAAAAAAAGAACAAATGTACTTGTAGCAACA
NA,WP_014262394.1,1,ATGAAAAAAAGAATAGTGGCTGTTGCGACAATA
ftsY,WP_014262395.1,1,ATGTTTAAGAAATGGTTTTCGTTTGGAAAAAAT
smc,WP_014262396.1,1,TTGAAGTTAAAGTCGATTGAGCTAAAGGGCTTT
NA,WP_014262397.1,1,ATGACGGGAAATGATAGGAAGAAAAAAATTACC
rnc,WP_014262398.1,1,TTGAAGGAACTAAAAGAATTTCAAAAAAAAATT
NA,WP_014262399.1,1,ATGGAATATTTGAACGAAAGAGCTGCTTATTTA
efp,WP_014262400.1,1,ATGATTTCAGCGGGAGAATTTAGAAAAGGGATT
NA,WP_014262401.1,1,TTGAAGCGAATTGAGATATTAAGAGAATATATG
NA,WP_014262403.1,1,ATGTCAGTAGTATATTTGAAATCAATTTTAATA
NA,WP_014262404.1,1,ATGATAAAAATATATTTAAAATCCGTTCTAATA
NA,WP_014262405.1,1,GTGAGTATAAAAGATAATTATGAATATGACGGT
NA,WP_014262406.1,1,ATGGCATTGGTAGCATTAGTTACTGTAGTGCTT
NA,WP_014262407.1,1,ATGGCATTGTTAGCATTAATCGCTGTAGTGCTT
NA,WP_014262408.1,1,ATGGTAGAAGTATATTTCAAATCGATTTTAATA
NA,WP_014262409.1,1,ATGAAATGCAAGAAAGTATTATCCGTTATTTTG
rho,WP_014262410.1,1,ATGAAAGAGAGATTGAAAAAGCTGAAAGTTGCA
cls,WP_014262411.1,1,ATGGACTTTTTTTCGGGTTTCGGATTGTTGTAT
NA,WP_014262412.1,1,TTGGGAAGAGAATGGAACTGTGTAGGGGACGGA
NA,WP_014262413.1,1,GTGAGTTTTTTAGAAGTGTTGGTAGAAGTATTG
NA,WP_014262414.1,1,ATGGCAAAATTATATTTCAGATTCGGTGTAATG
tyrS,WP_014262415.1,1,ATGAAAAATGTGTATGATGTACTGTTAGAGCGT
NA,WP_041250793.1,1,ATGCCAAGACCAACGACAAAAAATGATTTAATG
NA,WP_014262417.1,1,ATGAAGTATGAATGGAGAAAACAAGAAAAAAGT
NA,WP_041250794.1,1,ATGAAAGACAATAGATTATTCAGGATACTATAC
NA,WP_014262419.1,1,ATGGATGACGGAGTCGGGAGTTTATTGCAAAAT
NA,WP_014262420.1,1,ATGGCTAAAATAGAGTTAAGTGAGAATCAGAAA
NA,WP_014262421.1,1,ATGAGTAATCAGATGAATTTTGAACTGCCTAAG
NA,WP_014262422.1,1,ATGTATTTAAAGAGTAATCATTATCCAAGGATT
NA,WP_014262423.1,1,ATGAAATTGATTATTGCAATTATCAACAAGGAT
NA,WP_049770199.1,1,GTGGAATCCAATGATATCATAACAAAATTCCAA
NA,WP_041250795.1,1,ATGAAAAAAGAAAATTCTTTTGATAACTTACTG
NA,WP_156775242.1,1,ATGTCAAATTATTCATCAGAGAGACCTGTCAGG
NA,WP_049770200.1,1,ATGAAGAAATATTCATTGATTATCTTTTGTTTC
NA,WP_014262428.1,1,ATGAAAAAATTTGGATGCATCGTGATGATTTGG
NA,WP_014262429.1,1,ATGGCATGGGAATTTCATTCAAATAGCCCTATT
NA,WP_014262430.1,1,ATGCAAATAAATGATAATTTATTGGAATTTATC
NA,WP_014262431.1,1,ATGCTAACAAAACTAATTTCTTATGAACTCAAA
rpmE,WP_014262432.1,1,ATGAAAGAGAATTTACATCCAGAATATAAGGAA
wecB,WP_014262433.1,1,ATGAAAAAAATAAAGGTGTGCAGTGTCTTTGGC
NA,WP_014262434.1,1,TTGTCTAAGAGTGCGATTCATCAAAAAATTATG
NA,WP_014262435.1,1,ATGGGACTTATGGATTTTGCTAAGAAAGCTTTT
NA,WP_014262436.1,1,ATGGATGAACAAATTTTAAATACAGTCTATAGT
NA,WP_014262437.1,1,ATGACGGTTGATTTGAAACAGCAATCTATAGAA
NA,WP_014262438.1,1,ATGTGGAAAATTGAACTGGATGCAGATGCGAAA
NA,WP_014262439.1,1,ATGAGTAAAGTAAAAAAATTCATGTCTTTATTT
atpC,WP_014262440.1,1,ATGTCAACATTCCGCCTAAAAATAGTAACCCCT
atpD,WP_014262441.1,1,ATGATTCAACAAAATGTAGGAAAAGTAGTGCAA
atpG,WP_014262442.1,1,ATGGCAACAGGAATGAAAGATATAAAAAATAGG
atpA,WP_014262443.1,1,ATGGATATTCGACCAGATGAGATTAGTGCTCTG
atpH,WP_014262444.1,1,ATGGCAGAAATAGCAATCAATCGGTATGTTGAC
atpF,WP_014262445.1,1,TTGAATTTCATAAAAGATGGACTAGTAAGTTTA
atpE,WP_041250797.1,1,ATGCAAGGAATTACAGGACAAGATTTAATTTAT
atpB,WP_014262448.1,1,ATGGAAAATAGTTTTGGACCGGTTATATTTTAT
NA,WP_049770201.1,1,TTGAAATTTCAATTCAAGTTAAGCATGCAAACA
NA,WP_014262450.1,1,ATGAAGAATAGTATGAAGAAAGAAATTTTGTAT
NA,WP_014262451.1,1,ATGAAAATTAAGAAAATTGCAGTTGTGGCAATG
ruvC,WP_014262452.1,1,GTGATTGTTTTAGGGATTGATCCGGGGTATGCA
ruvA,WP_014262453.1,1,ATGATAGGACTATTATACGGAGAAATTGAAGAA
ruvB,WP_014262454.1,1,ATGTTTGAAGATAATGAAAGATTGATTAGTTCG
NA,WP_014262455.1,1,ATGAAACAAAAACAAAAAATATTACTCATTTTT
queA,WP_014262456.1,1,TTGAACACAAAAGATTTTTATTATGATTTGCCG
tgt,WP_014262457.1,1,ATGAACGCTATTAAATATGAACTAATTAAAGTA
NA,WP_014262458.1,1,ATGAAAGCAACCAGAAACAAAACAATAGATTTA
NA,WP_014262459.1,1,ATGAAAGTTGCTTTTTTGGACAGAGATGGAACA
yajC,WP_041250799.1,1,ATGACGACACAACAACTTCTTTCTTACGGACTT
NA,WP_014262461.1,1,TTGATTAAAGAATACGGAACATTCAATCCCGAT
NA,WP_014262462.1,1,ATGAAACAAAGTAAGACAAAGAGTATGTCCATA
NA,WP_083799676.1,1,ATGATATTCAAAAAAAACAAAAGAACAAAATCT
NA,WP_014262464.1,1,ATGCATGAAAAACAAAAAGAAGAGATGCTTTTA
NA,WP_014262465.1,1,ATGCAAGGTGACAGTGATAGAGATTTGCGCACA
NA,WP_014262466.1,1,ATGAGCGAAGTAAGAGAATTATTAGATCAATTC
NA,WP_014262467.1,1,ATGGCTAAGAAAGTATTAGAAAAAATTCCGGGA
NA,WP_014262468.1,1,ATGGGGGATACAGTTTATACGATGGGAGTTGAC
NA,WP_014262469.1,1,ATGGGAGAATATTCAATGAGATCATATTTTCAA
gctB,WP_014262470.1,1,ATGGCGAACTACAAAAATTATACAAATAAAGAA
gctA,WP_014262471.1,1,TTGAGTAAGGTATATACACTACATGATGCAATC
NA,WP_014262472.1,1,ATGAACTTTTTAGAAGTCATGAAAGCCCTGTTA
NA,WP_041250800.1,1,ATGAAATATGTAGTAACTATTAACGGAAAGCAA
NA,WP_041250801.1,1,ATGTGGATAGGTGAAGTCAATTTGGCGAATGCT
NA,WP_014262475.1,1,ATGAACAATATTATTTCTTATGCAGAAAGTATA
NA,WP_014262476.1,1,ATGAGAGGTATAGAAAAAATAAAACAAACTTTT
NA,WP_014262477.1,1,ATGTATAACGTAAGAAATGTAACAAAAGATTTG
NA,WP_014262478.1,1,ATGTATTTTAAAACAACACCGGAACATGAGAGC
mgtE,WP_014262479.1,1,ATGAGAGAGAAAGATAATGACGAGAATGTTCTT
NA,WP_014262480.1,1,ATGAGTGCAAAAAAATCTGCGTTTATGTCAGCG
NA,WP_014262481.1,1,ATGCAATACATTTCAGTTTCGAGTGGGAGTTCC
serS,WP_014262482.1,1,ATGTTAGACATTAAGAGAATTAAAAAAGATTTG
NA,WP_014262483.1,1,ATGAAGAAATTAACAACATTATTTTTAGCAGGA
NA,WP_014262484.1,1,TTGGAACAAAATTTATGTTTAGAGTCTGTTCAT
NA,WP_041250802.1,1,ATGAAAAAAATAAAGTGGATGACACTTATGGTA
NA,WP_014262486.1,1,GTGAATCAGGTTATTAATGTAGAACATTTTAAT
NA,WP_014262487.1,1,ATGAATAACAATGACTTATTATCGATGGCATTT
NA,WP_014262488.1,1,ATGAAGAAAAATAAAAAACTGATGCGAGTGGTA
NA,WP_014262489.1,1,ATGTTCGCGGTGGAACGGAATCAAAAAAATATT
NA,WP_014262490.1,1,ATGGAAAACAACAATCGTGGAACATTTAGCCGA
NA,WP_014262491.1,1,ATGGCACAAACAAAAGAAAATAAAATGGGAATC
NA,WP_014262492.1,1,ATGAAAAGCAAAAAAGTATTATCTGTTGTTTTG
NA,WP_014262493.1,1,ATGAAGATAGAGTTGTTTCAAACAGAAAGACTT
NA,WP_014262494.1,1,ATGAAATTAGAACTTGAAAAATTACATCATTGC
tsaD,WP_014262495.1,1,TTGAAAGAAATAGCAATATTAGGAATCGAAAGT
rimI,WP_014262496.1,1,ATGATTATACTTGAAAGAATGAATCAAAATCAT
tsaB,WP_014262497.1,1,ATGAAAGTTTTGGGAATAGATACTTCTACAGCA
NA,WP_014262498.1,1,ATGGAGTATTCTATCAAATATCAACAAATACAG
NA,WP_014262499.1,1,ATGGGACGTACAGGTATTACAGTTGCAATAATG
NA,WP_014262500.1,1,ATGATTAAGGTAGGATTTGAAGAAAGATTGCAA
NA,WP_014262501.1,1,TTGAGAACGAATTGGAGTTTACGGATCCAAAAC
nhaC,WP_014262502.1,1,ATGTTTGATTTGAAACAACACAGAACACCGAAA
recR,WP_014262503.1,1,ATGCAACACTATTCCAACCATATTGACCAGTTA
NA,WP_014262504.1,1,ATGGCAAGAAAAGGCGGTTTTCCCGGAGGTATG
dnaX,WP_014262505.1,1,ATGCATCAAGCATTGTATCGAGTGTATCGCCCA
NA,WP_014262506.1,1,ATGACAGAGATGAGATTTGTCGTATTGTTAATC
ybaK,WP_014262507.1,1,ATGAAACAAATTAAGACAAATGCAATGAGATTG
NA,WP_014262508.1,1,ATGATTTTAACAACAACACCATCTGTACAAGGA
NA,WP_014262509.1,1,ATGAAACAAGGATATGCTTTTTGGAAAAGAAAA
NA,WP_041251003.1,1,TTGCTTAATTTTTTTGCAAAAGAAATTGCAAGA
NA,WP_156775244.1,1,ATGGATAAATTACACAGTGATATGAAAAGTTCA
NA,WP_014262512.1,1,ATGGATATACAAAAAACGATTCAATATAAGTAC
NA,WP_014262513.1,1,ATGGTTGGAGATGTTCTGGCACAAGATTTGACA
NA,WP_014262514.1,1,ATGAGAGTTCCGACTTACTTACAAAAAGAAAAC
NA,WP_014262515.1,1,ATGAAATCTTTTGTCATAGGAGTTGGGTTCTTT
NA,WP_156775245.1,1,ATGAAAAAGTCAATTAGCAAGAGAATAGCGTTA
NA,WP_014262517.1,1,ATGAAAACGAACAAAAAAACAAAGGTAATTTCA
NA,WP_014262518.1,1,ATGGAGGTCACAAAACGATTGGAACATGAAAAA
NA,WP_014262519.1,1,ATGTTAGATGAAATCAAAGCTTATTGGTATCGC
NA,WP_014262520.1,1,TTGAAGGAATATATTGTGAGTTTGGAAAAAGAA
NA,WP_014262521.1,1,GTGGCTAATATTGAAAGTATTAAACAAAAAATA
NA,WP_014262522.1,1,TTGGCTGCGTGCTACTGCAAACTAGATTCTAAG
NA,WP_014262524.1,1,GTGAGCAAGAGAAATCCTATTGAACGATCTCAA
NA,WP_041250803.1,1,TTGGAGCAAATACCACACAAGCTGATGATGCGT
rlmD,WP_014262528.1,1,ATGAAGAAAAAAGAAATCATAGAAATTACTGTC
NA,WP_014262529.1,1,ATGGCATATATTGAGAATTTTTTTGAATTGTTT
NA,WP_014262530.1,1,ATGAAAAATGTGTATATGATGGTTACAGATTGG
NA,WP_014262531.1,1,ATGGCAACCATTCAAAAATTTGAAAGAAAAAAT
NA,WP_014262532.1,1,TTGAAAAAAAATCAGAAGTTTTTTAGCGGGCTT
NA,WP_014262534.1,1,ATGAAAAAATATTTGGCGATATGCATTTTATGT
smpB,WP_014262535.1,1,ATGAAAGATTCAAATGTCAAAGTTGTAGCAAAA
NA,WP_014262536.1,1,ATGAATACATTAGTTACAAAAGTGGTGGACGGA
rnr,WP_014262537.1,1,ATGAAAAATATAAGAACAGAAATCATTGAGTTG
NA,WP_014262538.1,1,ATGTTGAAAGTAACATATCTGTTTCACAGCGGT
NA,WP_014262539.1,1,TTGAAAAGTATTATTGCGATTATCATTATTGTC
floA,WP_014262540.1,1,GTGGGATTTGAGAAGTTTATTGTTTTAATTATT
NA,WP_041250805.1,1,ATGAATAGTATTGTTCTTTTAAAATTTATGGAA
NA,WP_014262542.1,1,ATGTTTGCAAGAGAATTTATGAAAAATCAGGTG
hemW,WP_014262543.1,1,ATGAAAAAAGATATTTCTCTCTACATCCATATC
NA,WP_041250806.1,1,ATGGTATATGCAGGAGAAAAACCGGGGATTGGA
NA,WP_014262545.1,1,ATGAAACGACAGAGGATACAGAGGATATTGTTA
NA,WP_041250809.1,1,ATGACCAGAGCGGAATGGATAACTGTATTACAG
NA,WP_014262547.1,1,ATGAAACGACAGAGGATATTGTTACTTGGAATT
NA,WP_014262548.1,1,ATGAAACGACAGAGGATATTGTTACTTGGCATT
NA,WP_014262549.1,1,ATGAAACGACAGAGGGTGATATTACTTGGAATT
NA,WP_014262550.1,1,ATGAAAACAGTACATGTTGTATCAGCAGTGATT
NA,WP_014262551.1,1,ATGACATGGCTTGCGGAAAATAAAGGGACCATT
feoB,WP_014262552.1,1,ATGAGTATTACTATTGCACTTGCAGGGAATCCG
NA,WP_014262553.1,1,ATGAACACTTTGAAAAATACAAAAATCGGACAA
NA,WP_014262554.1,1,ATGATGCCTTTAGTTTTGGCAGAGGTTGGAACT
NA,WP_014262556.1,1,ATGGGAATGATAACAAGTGCTACAAGAATGTGG
NA,WP_014262558.1,1,ATGACATTATTAACAAGAAAAATTATTATAGTT
NA,WP_041250812.1,1,ATGTATAGAAAAAGATTGATATATTGTATGTTT
NA,WP_014262560.1,1,ATGAAAGTAGTATATAATTCTGTAACCGGATAC
NA,WP_156775247.1,1,ATGAAATTAAAAAAAACAAAAAGAAAAGGAGAC
NA,WP_014262562.1,1,TTGAAACAAATCAATCAAAAACATTTGCCGTTT
NA,WP_049770203.1,1,ATGGAAAAAAAGGAGAACGGTACTGCGCTGTTG
NA,WP_014262565.1,1,ATGACAGATGAAAAAGATATATTGATGGAGAAT
NA,WP_014262566.1,1,ATGGGATTTATAAAAGCATTTACAGGAGCAATG
NA,WP_014262567.1,1,ATGGAAGAAAATAAAAAAGAACAGGACTTAACA
ileS,WP_014262568.1,1,TTGAGCAAATTTGAACATTTGAAAACAGGAAAT
NA,WP_014262569.1,1,ATGTCAAAACAGAAACATATCGCAATCAAAGCG
htpG,WP_014262570.1,1,ATGGAAAAAAGAGAGTTTCAGGCAGAATCCAAA
NA,WP_014262571.1,1,ATGAATCAGTTGTTACAATATGGAAAAAAACAT
NA,WP_014262572.1,1,ATGAATTGGATTAAAAAATTGGGATGTTTATGT
NA,WP_014262573.1,1,ATGAGAGAAAATATGGAATTTGATTGTTTACAA
NA,WP_041250815.1,1,ATGAATATTATACTAAAAAATACCCCTGAAACA
NA,WP_014262575.1,1,ATGAAAAAATTCGCAGGAATGATTTATACCATC
NA,WP_169308505.1,1,GTGAATAAGATAGCAATTATAACAGATTCCACA
addA,WP_014262577.1,1,ATGAGTGAGAAAAAACAGGAACGAGAAGTATCT
NA,WP_014262578.1,1,ATGTTACATATTTTGAGTTCTGTTTCCGTACAA
NA,WP_014262579.1,1,ATGAAAAGAAAGAATCTACTCATATGTATGGTA
NA,WP_014262580.1,1,TTGAAAAATACCGTACTTATGGTGATTGATATT
NA,WP_014262581.1,1,ATGAATGTAACAACATCATCAAATTTGGACATC
NA,WP_049770204.1,1,TTGATTTATCAATCTTTAAAAGACCATGTATAT
NA,WP_014262583.1,1,ATGAGAAAAGATATAATAAAAAAAATTTTGTAT
NA,WP_014262584.1,1,ATGAATCTTGCAGATTTAGTTACTGTAGTAGTC
NA,WP_014262585.1,1,ATGTTTAAAAATATTATTGTGAGAAGACCGGGA
NA,WP_014262586.1,1,ATGGATTATTGTTGTCAATCAATGGTAGGAAAA
NA,WP_014262587.1,1,ATGAATGATGATATGAACCTATATGATGAAGGA
NA,WP_014262588.1,1,ATGAAAATGATTCAACACATAAAAGATGCTATG
NA,WP_014262589.1,1,ATGTCAAACAACAGTAAACCGTCGAAGGCATCG
NA,WP_049770186.1,1,ATGGAATATAATAATACTACAGCAAATTCAAGA
NA,WP_014262590.1,1,ATGAATCTATATGAACAGTTGGCAAAAGAGTTT
NA,WP_014262591.1,1,ATGAGATATTCAGGAATAGTATATAGACCGCCA
NA,WP_041250816.1,1,ATGGACAACCGAATAAAAAAAATGGTTTGGAAT
NA,WP_014262593.1,1,ATGAATTTTGATTATAAAAAAACGATAGCATTG
NA,WP_014262594.1,1,ATGAAACGCAAATTTTTACTACTGTTCACCGTC
NA,WP_014262595.1,1,ATGAGTATTTATAAGAAGATTTCAATAGCATTG
NA,WP_014262291.1,1,ATGGCGGTTATAGATATTACTGATGTAAAAAAA
NA,WP_014262292.1,1,GTGAAAATATTAGTCATCAACTGCGGAAGTTCT
NA,WP_014262293.1,1,ATGAAATCATTTTCAAAAAATTTTTATGGCATC
NA,WP_014262596.1,1,ATGTTTGATAGAACAGCAAAAAAATTAGCAGAA
NA,WP_014262597.1,1,GTGAAGAGCATAAAGACTCGCGTAGAAGAGCTT
NA,WP_014262598.1,1,ATGACATTTAAATTACACAATTTACATTGGAAT
NA,WP_014262297.1,1,TTGTATCAATATATTGTTTTTGATTTAGATATG
NA,WP_242821703.1,1,TTGGTCGAAAAATATATGAGTTTTCATAAAGAA
NA,WP_242821704.1,1,ATGAATGCTGAAATACTGTGTGTGGGAACAGAA
NA,WP_014262299.1,1,ATGGAACAATATCAGGATAAAATCAAAACATCA
NA,WP_014262300.1,1,ATGGCTTATAAAATTTCTGATAGTTGCATTGGA
NA,WP_014262301.1,1,ATGGCTGAAACATTAAACCCTTTTTTGAATGCA
NA,WP_049770186.1,1,ATGGAATATAATAATACTACAGCAAATTCAAGA
NA,WP_014262601.1,1,ATGAAAATAGAAGATGTGATAAAAGAAAAGTGG
NA,WP_014262602.1,1,ATGGCAAATCAATTTAGTGTCGGCAACATTGTA
NA,WP_014262603.1,1,ATGGAAAATTTGATTTTGTATCCTATTATAGGA
secG,WP_014262604.1,1,GTGAAGAATTCATTGATGCTTCTCGAAATCGTT
eno,WP_014262605.1,1,ATGTTTATAACAGAAGTATATGCAAGAGAAATT
tpiA,WP_014262606.1,1,ATGAGAAAAGTGATTATTGCAGGAAACTGGAAG
NA,WP_014262607.1,1,ATGTTAAATAAAAAAAGAGTTTATGATTTGGAA
gap,WP_014262608.1,1,ATGAAAGTTGGAATCAACGGATTTGGAAGAATT
glsA,WP_014262609.1,1,ATGTTTGACAAAATGACAGTAGAAGAAATCAGT
miaA,WP_242821705.1,1,GTGATAAACTTGAACAAGGTAATTATGATTTCG
mutL,WP_014262611.1,1,TTGGGACAAGAAATTTTTATTTTAGATGAGTTC
mutS,WP_014262612.1,1,TTGGCAAAACTAACTCCGATGATGGAACAGTAT
miaB,WP_014262613.1,1,ATGTCTAAGAGAGGATTAATTGAGACAGTTTCA
NA,WP_014262614.1,1,ATGAAAGTCAAAAAATTAGGAATTGTCAGTTTA
NA,WP_041251018.1,1,ATTTCCAGACCAATTCGCTGTAGAAAAATTTGC
NA,WP_014262616.1,1,ATGGCATTAGACGGAATCACTTTACGTTCTCTG
NA,WP_014262617.1,1,ATGAATATTAGAGGAAATGAAATCAAAATTTTT
glmU,WP_014262618.1,1,ATGAGTTTACAAAGTATCATTCTGGCAGCAGGA
NA,WP_014262619.1,1,ATGATTACAAGAACAATTATGACGCCGGAACAT
NA,WP_014262620.1,1,ATGCAAATAACTATTTTAGTAGCACTTCTGTTT
NA,WP_014262621.1,1,ATGAAAAAATTAGCTTCTATTGATATCGGCACG
NA,WP_014262622.1,1,ATGAAAATTTACAGAAAAAATGAAACAAAGACA
NA,WP_014262623.1,1,ATGAGATTAGATAAATTTTTGAAGGTATCACGA
rsmI,WP_014262624.1,1,TTGTTATATATATGTCCGACTCCGATTGGGAAT
NA,WP_014262625.1,1,ATGAATGAAAGACAAATACCGTTATTAGAGAAC
NA,WP_014262626.1,1,TTGATAGAAGTAATTGGAATTCGATTCAAAAAA
NA,WP_014262627.1,1,ATGATATTGGGATTACCGGATGAAGCGAATCTT
NA,WP_014262628.1,1,ATGAAAGGGAAGTTAATTGTGATTGAGGGTACA
NA,WP_014262629.1,1,ATGAAAAAAGAAATTTCAACACCGTTAGCACCG
spoVG,WP_041250818.1,1,GTGGAAATTACAGATGTACGAGTGAGAAAATTA
NA,WP_014262631.1,1,ATGGATAAGGAATTATCTTTGAACCAAGATATT
purR,WP_014262632.1,1,ATGAAAATGAAAAAAACGGAAAGAATCGGAGCA
murC,WP_014262633.1,1,ATGAAAGTTCATTTTATAGGCATTGGCGGAATC
NA,WP_014262634.1,1,ATGGAAATTATTGCTATTATTCATATCTGTGCA
NA,WP_014262635.1,1,ATGACATTACTTCATAAATTATTGAAAAAAGCA
NA,WP_014262636.1,1,ATGAAGTTCGGAAAAAAAACAATCGGTATGGCA
NA,WP_014262637.1,1,ATGAAGCTATCGAAACTGTTGCAAAATGTATCT
NA,WP_041251021.1,1,ATGGAATATAAAAATAAGGCAGTTGTACTCGGA
NA,WP_014262639.1,1,ATGAAGAAGTATGATGTGATTGTGATAGGAACC
NA,WP_014262640.1,1,ATGGTTATAGGAATGAGGGTAATCAAGACTGCA
NA,WP_014262641.1,1,TTGGAAATTAGATATATTAGTGAACTAGATGAT
NA,WP_014262642.1,1,ATGAAAAAAATATTAGTTACCAGCGGGACTGTA
NA,WP_014262643.1,1,ATGAAACAAGGAAAAGTAAAATGGTTTAATGCA
NA,WP_014262644.1,1,ATGATGAAGAGATGGAAAAGGATATGTGCTTTT
NA,WP_041250819.1,1,TTGAAAAAATTTGTCAAATTTCTAATTATAATG
coaE,WP_049770205.1,1,ATGAAACAAAATAGTAATAAGGAGAGCAATATG
polA,WP_014262647.1,1,ATGAAAAGGTTATTTCTGATTGATGGAAATTCA
NA,WP_041250820.1,1,ATGCAAAGAATATTGGGAGTTTTCTTTATTTTT
NA,WP_014262648.1,1,ATGAAACGTAACAAAAAACTGATTGTTACCGGT
trxB,WP_014262649.1,1,ATGAAACAAATATATGATGTGATTATTATCGGT
NA,WP_014262651.1,1,ATGAAGATAAAAGATTACAAATTTGGATATGCC
NA,WP_242821706.1,1,ATGAATGAAAGAAAATATATAGATGAAAATGTA
NA,WP_014262653.1,1,ATGCTTATAATTGATGAAGAAGAAGCAAGAGTT
NA,WP_014262654.1,1,ATGCAATTAAAGAGACATGATAGGGAATTTATT
NA,WP_014262655.1,1,ATGAAAGAAGTAATGACGACTAATATATATGGT
NA,WP_014262656.1,1,ATGTATATATTGGAATTATATCAAAATAATTAT
trpB,WP_014262657.1,1,ATGAAAACTTATCGCGATTTTGATAACTATCTA
NA,WP_041250822.1,1,ATGAAAGCAAAATTAAAAGTAATAAAAAATTGG
NA,WP_014262660.1,1,ATGGCAAGATATGAACTTGGAGCAATCTATAAG
NA,WP_014262661.1,1,ATGAAAAAAGAAGAATTGCTTGCTCTATGGAAG
NA,WP_014262662.1,1,TTGAATGCTTACACAATGAAAGAAAAAACTTTG
NA,WP_014262663.1,1,ATGAAACTGATTGATAACATCAAGAAAATTGAA
NA,WP_014262664.1,1,ATGGATAAAAAAGACGAAATTATGCTTGTAAGT
NA,WP_001098743.1,1,ATGAATACAGTAGATTTTTATTTAAGACTTTCC
NA,WP_000124510.1,1,ATGGCAAGGACAGCGAACAGGCGGGCAAAAGCG
NA,WP_000042123.1,1,ATGTCTAAAAATAATTTAGATACAGATGTTCTC
NA,WP_001860240.1,1,ATGAATGTAGAAGAATTAGCAAGATATAAAAAC
NA,WP_001123821.1,1,ATGCCAAAAGAATATTACCTTTATGTCAACGGA
NA,WP_000458708.1,1,ATGTTTTGTTTAAATATAAAAAGTAGGCTAAAT
NA,WP_001291569.1,1,ATGTCAGAGAAAAGACGTGACAATAAAGGTCGC
NA,WP_000814510.1,1,ATGAAGCAGACAGATATTCCTATCTGGGAGCGT
NA,WP_001224508.1,1,ATGAGAAAAGAATATTCCAGAATTCCATTCCCA
NA,WP_000804877.1,1,ATGAAACCATCTTCTTTTCAAGAGAGAATTGAA
NA,WP_014262665.1,1,ATGCGTAAAAAAGAAGATAAATTTGATTTTAGA
NA,WP_076640876.1,1,CTGTGTCCCATCTGTGGAAATAAAACACGTTTG
tet(M),WP_014262666.1,1,ATGAAAATTATTAATATAGGTGTTTTAGCTCAT
NA,WP_230373340.1,1,ATGATTGTGCATTTATTTCCCAGTGATAAGAGT
NA,WP_041250823.1,1,ATGAGAAAGGAAGATTCAATGATGAAATTCAGA
NA,WP_014262668.1,1,ATGAAACTGAAAGCTTTAGTGATTGGTGGTTCT
NA,WP_007556404.1,1,GTGAAACCATCAATATTAAACAGAATAAAATCA
NA,WP_002368314.1,1,ATGGCATATCCAATTAAATACATTGAAAATAAT
NA,WP_025186755.1,1,ATGAAGAAAATACGAAGCTATACCAGTATTTGG
NA,WP_002368312.1,1,ATGGACGATATGCAAGTCTATATTGCCAACTTA
NA,WP_001009056.1,1,ATGAATTTTGGACAAAACCTTTATAACTGGTTT
mobT,WP_002368311.1,1,CTGAATGAACAAACTTTGATACAGCATTTAAAG
NA,WP_002390709.1,1,TTGCTGGCTGGTGTGGCGATAGCCACGCCAGCA
NA,WP_002368310.1,1,ATGAAACAGTTTGGCATTCGTGGTAAAAGGATT
NA,WP_000985040.1,1,ATGATGAGATTACCTAATGGCATTGTATTAGAT
NA,WP_000420681.1,1,ATGGAACTTAAATTTGTGATTCCCAACATGGAA
NA,WP_001860234.1,1,ATGATTGAAATTAGAGAATTAAGCTTTAAATAC
NA,WP_000431741.1,1,ATGGAAAATTCAAAGTTTGTTCTGGGGTCAAAA
NA,WP_014262669.1,1,ATGAAAACACAAAAGAAATCATCAAAAAATGCA
NA,WP_000620708.1,1,ATGATAAGAAATATTACTTTAGGAAAGATGAAT
NA,WP_000727577.1,1,ATGAAAAAGAAGAAATCAATCAAAGATATTATT
NA,WP_000166902.1,1,TTGACAAAGAGAAATGTAAAAGATCCAGAAGAA
mobC,WP_000013390.1,1,ATGGCAAATAGGATACGAAATGAACGACTTGAA
NA,WP_001018653.1,1,ATGGCGATTACAAAAATACATCCTATAAAATCA
NA,WP_001860230.1,1,ATGGATTACAAAACAATACGAGATAAAATTGAG
NA,WP_001222126.1,1,ATGCGAATCAATGATTTTCATAATATTTTGGAG
NA,WP_014262670.1,1,ATGAAACTTGTAATTGCTGAAAAGCCAAGTGTT
NA,WP_001860228.1,1,ATGAGAACAGTTATGAAAAATAAGGTATTTACA
NA,WP_000711919.1,1,GTGAAAAAAGAACTTACAGCAGTGAAAAACAAA
NA,WP_000412442.1,1,GTGGAAAAGAAATTAAGGCGAGATTTTAAGGAA
NA,WP_041250824.1,1,TTGAACAGCAAAAGAAAAATTCAGCAGCTAAAG
NA,WP_000332202.1,1,ATGGCGTATGTACCAATCCCGAAAGACTTAAAG
NA,WP_000746438.1,1,ATGAAGAAAAGAAAAACAATATGGAAAGCAGCA
NA,WP_000466911.1,1,ATGTTTGGGATATTCGACAAGATAGAAGAATTT
NA,WP_000394207.1,1,ATGGAATTTTTTACACAGGCAGTAGATGTACTG
NA,WP_014262672.1,1,ATGAAGCAGGAAATGATGAACATCAATGCCAAC
NA,WP_014262673.1,1,GTGATAGATAAAATATTAAAGGACATCAAAGGC
NA,WP_001860223.1,1,GTGATTAACGAAGAAATTGCAAGAAAGACACTA
NA,WP_000063201.1,1,ATGAGTATGTATTTATTTGATGAACAACCTATC
NA,WP_001267197.1,1,ATGAGATGGATAATAAAAATAATTTTATTTCCA
NA,WP_014262675.1,1,ATGGCATTGATACCTTTGAGTTTTGGATTTCTT
NA,WP_014262676.1,1,ATGAAAAGAGTAATCGTGTATTTGGCAAACGGA
NA,WP_014262677.1,1,ATGAAGACTTTGGAGAATTTGAATCGTTTTCTT
NA,WP_014262678.1,1,ATGAAAAAATACATAGGAATGATAGTTGTTCTG
NA,WP_014262679.1,1,ATGGCAAAAATTTTATTTAGTCCAAGTAAATAT
NA,WP_014262680.1,1,TTGAAAAAAACAAAACCATTTTTTATGCTTGTC
NA,WP_041250825.1,1,TTGAAAAGTATTATGGAATTAAGTGAAGATGAA
NA,WP_041251027.1,1,ATGAAATTATTAGTTGTTGTGGATGTTCAGAAT
ppdK,WP_014262683.1,1,ATGAAAAAGTATGTTTACAGTTTTCAAGAAGGA
NA,WP_014262684.1,1,ATGAAAAAAACATTTTTTATTATATCAGATTCA
NA,WP_156775295.1,1,GTGATTCAAATAGAACTAACCGAAAGACAATTA
NA,WP_156775248.1,1,TTGATTATGAAATTATTTATTCCGGGTCCTGTG
NA,WP_014262688.1,1,ATGAAACTACTGAACGTTTTAGCAAATGACGGT
NA,WP_014262689.1,1,ATGATTACAATAAACCCGTTTCGCGCAGTGCGT
NA,WP_014262690.1,1,ATGGTTACATTAGAGAAAATTGATCAAGTAGTA
recO,WP_014262691.1,1,ATGTATATCAATACGGAAGGAATTGTACTAAAA
era,WP_014262692.1,1,ATGAACAATCAACATAAATCAGGTTTTGTAAGT
ybeY,WP_014262693.1,1,ATGATTCGAATCTTGTGGGAAATAGAAGACTAT
NA,WP_014262694.1,1,TTGAGTTTGAACATAGAATTAAAATTTGATACA
rph,WP_014262695.1,1,GTGAAGAGTAGCATTCAGCTTAGAGATATCAAC
NA,WP_049770206.1,1,ATGAAACTTAAGAAAACTTATATCTTGATGCTG
NA,WP_014262697.1,1,GTGAGTAACTTTCAAGATTTTAAGAAGATAAAA
NA,WP_014262698.1,1,ATGAGTAAAATTGGAAAAAAGATAGTATTGAGT
NA,WP_014262699.1,1,ATGAAACATATTTTGATTGTAGATGATGAAAAA
NA,WP_014262700.1,1,GTGTTTGAAGGACAAAGCATATCAGCAATAAAA
ylqF,WP_014262701.1,1,ATGGAAGAAATGCATATCAATTGGTATCCCGGT
mscL,WP_014262702.1,1,ATGGGACTAATAAAAGAATTTAAAGAGTTTGCT
NA,WP_242821707.1,1,TTGAAAAATAAACAAGAAGAAAAGAAAAATCTG
NA,WP_014262704.1,1,ATGATAAGTTGTTCAGTAAGGAGAAGAGGAACT
NA,WP_014262705.1,1,ATGAAACATTTTGTAAGAAAAGGTCTGTGTTTT
NA,WP_014262706.1,1,ATGAAAAAGAAAACAGGATTATTGATAGCAGGT
NA,WP_156775250.1,1,TTGAGTTATCTAACGACAGCAATGCATAGAGAT
nusB,WP_014262708.1,1,ATGGGCAGAAAAACGGAAAGAGAAAAAGCATTC
NA,WP_156775251.1,1,ATGAGCGTAGAAGAAGTAGTAGGAATGGGTGGA
plsX,WP_014262710.1,1,ATGATACGAATTGGAATTGATGCGATGGGTGGA
NA,WP_041251035.1,1,ATGAATTTGATTTCGTTTGTATTATGCGGAGTT
NA,WP_014262712.1,1,ATGAAAAATAATGACTTTAACAAAGAGAATATC
NA,WP_014262713.1,1,GTGGAGAATATTCGAATGGTACTTGATGTAGTT
NA,WP_014262714.1,1,ATGAAATCAGTTGCTATCATCGGTTACGGTGCA
nadC,WP_014262715.1,1,ATGAAAAAACCGTTACTGAATTTTTTGATGATA
nadA,WP_014262716.1,1,ATGAATCCAGAGGAATTAATGGAGTTAAAACGT
NA,WP_014262717.1,1,ATGGGACTATTTGATAGATTGAAAGAGCCGGTT
NA,WP_156775252.1,1,ATGAAAAAAATGAAGAAGTTTTTTGCTATGGCA
NA,WP_049770231.1,1,ATGTATATATTCCTCTATCTTCCGATTGTGGTG
NA,WP_014262720.1,1,TTGAAAAACAGAAAAAGTGTTTTAGCATGGCCG
NA,WP_014262721.1,1,ATGGAAAAAAATATTGTAGAATTGATCGGGCTT
NA,WP_041250828.1,1,TTGAAAAAATCTACAACAAAAATTTTATTAGCT
NA,WP_014262723.1,1,ATGAAAAGTGAAACACTTAATCAAAATAATCCT
clpB,WP_014262724.1,1,ATGGATGCACAAAAATATACACAAAAAAGTTTA
NA,WP_014262725.1,1,ATGGCAAAAAAGAAAAGGATTACTTTAGTAAAC
NA,WP_014262726.1,1,ATGATTGAATGGATAGAAAGAAAAAAACGCAAG
NA,WP_014262727.1,1,ATGAGTACAGAAAATAAGAAAATAGCCATTCAA
NA,WP_014262728.1,1,ATGAAAAGAGTTAACAAGTATTTGAGTATTTTT
NA,WP_014262729.1,1,ATGGATAAAATTTGTGTTATCGGAGCCGGAAGT
plsY,WP_014262730.1,1,ATGATATCTGTAGAAGTCTATGATGTAAAATAT
der,WP_014262731.1,1,ATGCGACCTATCGTTGCGATTGTAGGAAGACCA
cysE,WP_041251041.1,1,ATGTCACTTGCCAGTCAATGGAATGATATGTTA
cysK,WP_014262733.1,1,ATGATAGTTCAAACAATAGTCGATACGATAGGA
NA,WP_014262734.1,1,TTGAAGAAAATAAATCGAAATGAATTGATTTGG
NA,WP_014262735.1,1,TTGAATGATTTCGGTATCATTTTTTTGAGCATA
NA,WP_014262736.1,1,ATGTTGCAACATATAGTTGATGTTTTATATTTT
NA,WP_014262737.1,1,ATGAAAAAGTATAAAACAATACTTTGTATTGCA
NA,WP_041250829.1,1,GTGAACCTTTCAGAATTTAAAGGTGTTTTAGTG
NA,WP_014262739.1,1,ATGAAGATTGTAGTTTGTATAAAACAAGTACCG
NA,WP_014262740.1,1,ATGGATTTTGGTTTATCAAAACAACATATTTTA
NA,WP_014262741.1,1,ATGAGAGAAGTTGTAATAGCAAGTGCGGCAAGA
NA,WP_014262742.1,1,ATGAAAATTTGTGTTGTAGGTACAGGAACAATG
NA,WP_014262743.1,1,ATGGATTTTGAAAAAATATTATTCGAGAAACAA
NA,WP_242821708.1,1,ATGACAATTTTCGCTCATTCCATACAAAGATCC
rplT,WP_014262745.1,1,ATGGCTAGAGTAAAAAAGGCAGTTAATGCAAAG
rpmI,WP_014262746.1,1,ATGCCAAAAATGAAAACTCACAGAGGAGCTGAA
infC,WP_041251043.1,1,ATCATTATCAAAGAACAACAAATCAATGAAGAA
NA,WP_014262748.1,1,ATGATTAAGTTATGTGAAGAGATATTATTGAAC
NA,WP_014262749.1,1,ATGAGTAGCGAAATGGAAAAGCTATTGCAAGAA
ispH,WP_014262750.1,1,ATGAAACTGATTGTATCAAAAAAAGCAGGTTAT
NA,WP_014262751.1,1,GTGAAAAGAGTGTATTGTTTTTTTAGAAATCTA
NA,WP_014262752.1,1,ATGAAATCATACTGTGTAACCTTGAATCGCGAA
cmk,WP_014262753.1,1,ATGATTGTAGCAATTGATGGACCGGCAGGCTCC
NA,WP_041251046.1,1,ATGCAAAAGGTTGGAAACGGCAATAATTTGATA
NA,WP_014262755.1,1,ATGAGGATAAATCAATATATTGCACACTGCGGA
NA,WP_014262757.1,1,ATGGGAGTTATTGTGCAAAAATACGGTGGTTCT
thrB,WP_014262758.1,1,ATGAGCATACAGGTAAAAGTAGCAGCAACAACA
thrC,WP_014262760.1,1,ATGGCTTGGAACGGATTGATTGATGCATATAGA
NA,WP_014262761.1,1,ATGAAACAGATTAAAATTGGATTGCTGGGATTT
NA,WP_014262762.1,1,ATGCGTACGATATTTTTTGTATTGAACATTGTA
NA,WP_014262763.1,1,ATGGCAAACAGAATGGTAGGAAACAAAGCACCG
NA,WP_014262764.1,1,ATGAAACTGATCAAACCGAATATTATATTTCGA
NA,WP_083799688.1,1,ATGGAAGAGTGGATTACAAGTGTATCTAATTAT
NA,WP_014262765.1,1,ATGACAGAAACATTATCATTAGAATTTAAGAAA
NA,WP_014262766.1,1,ATGGCAAAAGTAATGAACCAAACAAGCGCTGTT
NA,WP_156775253.1,1,ATGAACGATGCAACAGAGGTAACCAATTGGATT
NA,WP_014262768.1,1,ATGAAAACATATTATGATTTTTTTAAGGAATTA
NA,WP_014262769.1,1,ATGAAGAAAACAACAATGATTGCAGTGGTGGTA
NA,WP_014262770.1,1,ATGACTTTCGAGAAAATAATTACTTTTATCTTA
NA,WP_014262771.1,1,ATGATTAACAAAACAAATATTTATGAACAGCTT
NA,WP_014262772.1,1,ATGAAAGCTGTTTTTATTGTATTCAGTCCATCA
NA,WP_014262773.1,1,ATGAAAATCGAAGAATATCTTTCCGCTATGAAA
NA,WP_014262774.1,1,ATGAGCGAGCAATTAGAAAAAATGTATAAGGAT
NA,WP_014262775.1,1,ATGAATGATAAAAAAAAGATTTCAATGGCGGTG
NA,WP_014262776.1,1,TTGAGAACAGTCAAAAGTCAAACTTCCGAAACA
NA,WP_169308507.1,1,TTGAATCAGTCAATAAAAAAGAAAACAAACAAA
NA,WP_014262778.1,1,ATGATTACATTAGCTTTAAACAATATATCAAAA
pyrE,WP_014262779.1,1,ATGGGGGAGAGTATTATGTTAGAAATCTTAAAA
NA,WP_014262780.1,1,ATGATGCAACAGACGATATGGGGCAAAACATTC
NA,WP_014262781.1,1,GTGTATCAACAAGTAGAAATATTAGAAAACAAA
pyrF,WP_014262782.1,1,ATGACAATGAAAGAGCTTAAAAAGAGAGCGATT
NA,WP_014262783.1,1,ATGTTGTGGATTCAAAATGCAATGATTCCGGAA
NA,WP_242821731.1,1,ATGAAATTGATTGAAGAGGCTGAAAAAGATCCG
NA,WP_014262785.1,1,ATGTCAGATTACAATGAATATGAAGAGTATGAA
NA,WP_014262786.1,1,ATGTCGAATTATAACGATGACAGATATGATAGC
NA,WP_014262787.1,1,ATGTCAGATTACAATAATTACAATAATTACGAT
NA,WP_014262789.1,1,ATGAGTATTTTACAAGATTTTATCAAAACAGGA
NA,WP_041250832.1,1,ATGAAAAGAATGAATGGAAAATCACTGGTAGGA
NA,WP_041250833.1,1,ATGAAGAATGAAATAATGGGAAGTGAGAACTTA
NA,WP_041250834.1,1,ATGATACGATTCCTGAAGTGTCCGAACCATAGA
NA,WP_014262793.1,1,ATGAAACGAAGTATAGCTTTTTTCGTTGTAACA
NA,WP_041250835.1,1,ATGAGAAAAGTGAGAAGAACAAGGGCAAAGAAG
NA,WP_014262795.1,1,ATGATAATCGTTCTGGATGATCATCCTATTGCA
NA,WP_041251048.1,1,ATGGCGAAGAAGGATTGGCCCGAGTATATAAAT
NA,WP_014262797.1,1,ATGAAGAAGAGATTATTAGCACTTACATTAGTA
NA,WP_014262798.1,1,ATGTATAATGAAAATGCGGAAGTTTTGTTAGAG
NA,WP_014262799.1,1,ATGGGAAACAAATTGTTAGAAGTAAAAGACTTA
NA,WP_014262800.1,1,ATGGAATCAATGAATGAGATTGTGTTGCAGACA
NA,WP_014262801.1,1,ATGGGAGGCTATGTTGTAAGAAGGATTGTCTCA
rpoB,WP_014262803.1,1,ATGCCACATCCACATCCTGTGAAAATTGGGAGA
trmD,WP_014262804.1,1,ATGAAATTTCATGTAATGACATTGTTTCCCGAA
rimM,WP_014262805.1,1,ATGAAACAATACCGTATCGGAACCATTGTCAAA
NA,WP_014262806.1,1,ATGGGAGAATTAGTAGCATTTATTGCAAAATCT
rpsP,WP_014262807.1,1,ATGGTAAAAATCAGATTGAGAAGAATGGGTGCA
ffh,WP_014262808.1,1,ATGATATTTGAAGGATTAGCAGATAAACTTCAA
NA,WP_014262809.1,1,TTGGATTTGGAAAAATTTGTAGAAATCGAGTTG
NA,WP_014262810.1,1,ATGAAATATTTACGACAAAGAATTTATTGTGTG
rplQ,WP_014262811.1,1,ATGGCGAAATACAGAAAACTTGGACGAAAGACA
NA,WP_014262812.1,1,ATGATAGAAATAGAAAAACCAAACGTAACAGTC
rpsK,WP_014262813.1,1,ATGGCGAAAGTAGCTAAAAAGAAAAATGCGAGA
rpsM,WP_014262814.1,1,ATGGCTCGTATTGCAGGTATCGACTTACCAAGA
rpmJ,WP_014262815.1,1,ATGAAAGTAAGACCATCTGTAAAGCCTATGTGT
infA,WP_014262816.1,1,ATGTCAAAAAAAGACGTTATTGAATTAGAGGGA
NA,WP_014262817.1,1,ATGGATAGAGGAACAGTAGTAATTAGTAAAGCA
map,WP_014262818.1,1,ATGATAACTCTCAGATCAAAAAGAGAAATAGAA
NA,WP_014262819.1,1,ATGAATATTATATTATTAGGGCCTCCGGGAGCC
secY,WP_014262820.1,1,TTGTTTGAAGCATTGAAGCGAGCAATGAAAATA
rplO,WP_014262821.1,1,ATGAAACTACATGAATTGAGACCGGCTGTAGGC
rpmD,WP_014262822.1,1,ATGTTAAAGATTACATTGAAAAAAAGTCCGATT
rpsE,WP_014262823.1,1,ATGCAAAGAAAACGAATTGATGCTCGACAACTG
rplR,WP_014262824.1,1,GTGTTTCGTAAAATTGACAAAAACATTGGACGT
rplF,WP_014262825.1,1,ATGTCAAGAATCGGATTGAAACCGGTAACAGTA
rpsH,WP_014262826.1,1,ATGGTAATGACAGATCCAATAGCAGATATGCTG
NA,WP_014262827.1,1,ATGGCGAAGAAATCAATGAAAATAAAACAACAA
rplE,WP_014262828.1,1,ATGGCTTCAAGACTAGTAGAGTTATACAAAAAT
rplX,WP_014262829.1,1,ATGCGTATAAAAACTGGAGATACCGTAGTTGTT
rplN,WP_014262830.1,1,ATGATACAACAAGAGAGTCGTTTAAAAGTTGCA
rpsQ,WP_014262831.1,1,ATGGAAAGAGCAATGAGAAAAACAAGAATCGGA
rpmC,WP_014262832.1,1,ATGAAGGCTGATGCTTTAAGAGAAATGACGGTA
rplP,WP_014262833.1,1,ATGTTAATGCCAAAAAGAGTAAAACGTCGTAGA
rpsC,WP_014262834.1,1,ATGGGTCAAAAAGTAAGTCCTCACGGACTTCGT
rplV,WP_014262835.1,1,ATGGAAAAAGCATTAGAAGCAAGAGCAGTTGCA
rpsS,WP_014262836.1,1,ATGAGTAGATCCGCAAAAAAAGGACCTTTTGTA
rplB,WP_014262837.1,1,GTGGCTATTAAAAGTTATAAACCAACGTCACCT
rplW,WP_273158937.1,1,ATAATGCTAGCACATGATATTATCATTCGACCA
rplD,WP_014262839.1,1,ATGCCAACAGTTGATGTGCTTAATATAAACGGA
rplC,WP_014262840.1,1,ATGAAAAGCATTATGGGTAAGAAAATCGGAATG
rpsJ,WP_014262841.1,1,ATGTCTAACAATCAAAAAATCAGAATCCGTTTG
NA,WP_014262842.1,1,ATGATAAATTTATATGTTACAAGACATGGGCAA
NA,WP_049770208.1,1,GTGAAAGAAAAGAGAAGTGTTCTGAGGCGAGGA
rplL,WP_014262844.1,1,ATGAATATCGAACAAATCTTAGAAGCAATTGAA
rplJ,WP_014262845.1,1,ATGTCTAAAGCAATCGACATGAAACAACAAGTT
rplA,WP_014262846.1,1,ATGGCAAAATTAGGTAAAAAATACAAGGCTGCT
rplK,WP_014262847.1,1,ATGGCAAAAAAAGTAATTGGACAAATTAAATTG
nusG,WP_014262848.1,1,ATGGCAGAAAACGAACAAGCCAAATGGTATGTT
secE,WP_014262849.1,1,GTGCCAAAAACCACAGAAAAAACAAAAACTTCG
rpmG,WP_014262850.1,1,ATGAGAGTGAAAGTAACATTGGCATGTCAAGAG
pdxS,WP_014262851.1,1,ATGAATTTTGAAAAATTATTTGGTGGAGTAATT
NA,WP_014262852.1,1,ATGTTATTTCTAAAGGACGGAATTATTTATTTA
bioB,WP_041251050.1,1,ATGACATTACAAGGGATAAAAAAAGATATTTTG
NA,WP_014262854.1,1,ATGAAGAAATTTTTGGTTGGTGTATTGTCTGCG
NA,WP_014262855.1,1,ATGGAACAATTTTCAAGAACAAGATTGATTTAC
NA,WP_014262856.1,1,ATGAATGTTTTGGGAATTATTGCTGAATACAAT
NA,WP_014262857.1,1,ATGGAAGTATTAGAAATTTTGCAACATCTGGAA
coaD,WP_014262858.1,1,ATGAATCGAGCAGTATATCCGGGAAGTTTTGAT
rsmD,WP_014262859.1,1,ATGAGAATTATTGCCGGAAAATGGAAGGGAAAA
recG,WP_014262860.1,1,ATGAAAAAGACAGACGGTATGGAAAGTATCAAG
NA,WP_014262861.1,1,ATGAATAGGATTGAAGGGGTACTGTTTCGAAGT
NA,WP_014262862.1,1,ATGTCAACTTGTAAAGTAAATGAACATGGAGCA
metA,WP_014262863.1,1,ATGCCTTTAGTAATACCAAGTGATTTACCTGCA
NA,WP_014262864.1,1,ATGGGAAGATTTAAGAGTAAAAGTATTGAAACA
NA,WP_014262865.1,1,ATGAAAAAAATTGTTTCAATGATTTTGATATTT
NA,WP_014262866.1,1,ATGAAGAAGATAATTATCGTGCTACTTATCATT
NA,WP_014262867.1,1,TTGGGTAAAATGTTAGAAGAAACGAGCTTAGAA
NA,WP_014262868.1,1,TTGAAACCTTTGGTGGTATACTATTCCTATTCA
NA,WP_014262869.1,1,ATGGCAGGAAATTTTTGTCCACAATGTGGAGCT
NA,WP_014262871.1,1,ATGTATCTGAATCACAAAACCTACTACACCTTA
NA,WP_049770186.1,1,ATGGAATATAATAATACTACAGCAAATTCAAGA
ribD,WP_014262872.1,1,GTGGTCTTTCATGAAACATATATGAAAACGGCA
ribE,WP_014262873.1,1,ATGTTTACAGGAATTGTAGAAGAAATCGGAACC
NA,WP_014262874.1,1,ATGAAAGACTTCAATACAATTGAAGAAGCATTA
NA,WP_014262876.1,1,ATGGCATATTTGATTTTTGACTATGACGGAACC
NA,WP_014262878.1,1,ATGTTTAAATATTTTTTGATAGGATTTGAATCG
NA,WP_014262879.1,1,ATGAAAAGGTATGAATTTATAGCGATAACATCA
NA,WP_014262880.1,1,ATGACAAAAGAAGAACGGGCTGAGAAGTGGTTT
NA,WP_014262881.1,1,ATGAAACAAAAAAACATCGTATTATTTTTAGTG
NA,WP_014262882.1,1,ATGCTAACTTCACTCATCACCCTAAGTTATCAA
NA,WP_014262883.1,1,ATGAAACTAATTGCAAACAATGTTACAAAATCA
NA,WP_014262884.1,1,ATGGACTACTTACAACGATACCAACAATGGCTT
NA,WP_014262885.1,1,ATGAAAGCGGCGTTAGATTCATTTTTTTCAATG
NA,WP_014262886.1,1,ATGGTATATAAAAGAAGTCCGATTGCTGCAATT
NA,WP_014262887.1,1,ATGTTAAAAAAATTATTGATATTATGTTTAAGT
NA,WP_014262888.1,1,ATGTCAGATAAGATAGCAATTAAGGTAGAAGAT
NA,WP_014262889.1,1,ATGATTCAAACATTGATAGAAATGATTCAAAAT
NA,WP_014262890.1,1,ATGATACTTTTCAGTCCACAGACACAGATTCTA
NA,WP_014262891.1,1,ATGGAGATTCGTAAGGCAGTTGAAAAAGACATT
NA,WP_014262892.1,1,ATGTTAAAGGACATCACGTTAGGACAATACTAT
NA,WP_014262893.1,1,ATGTCAATTAAAGTAGAACAACTGTCACATATC
NA,WP_242821709.1,1,TTGGAAGCAAAATTAGAAAGAAATTATGACACC
ansA,WP_014262895.1,1,ATGAAAAAAGTATGTATGATATATACCGGCGGA
NA,WP_014262896.1,1,ATGAATCATATTCCGAAAATACCATTTGTGATA
NA,WP_041250838.1,1,ATGAGTTTTTCAATGAAAGACAAGGTAGTTATT
NA,WP_014262898.1,1,GTGGAACAGAGAGAGAAGTTTTCATCAAGGCTG
NA,WP_049770186.1,1,ATGGAATATAATAATACTACAGCAAATTCAAGA
NA,WP_014262899.1,1,ATGAAAAAAACAATTTTAACGTTCCTAAAAATA
NA,WP_014262900.1,1,ATGACGGAACAAACGAAAGTATTTTTGAGAATC
NA,WP_049770209.1,1,TTGAAAAAATGGAATAGGATAGTAGCATCTTTG
NA,WP_014262902.1,1,ATGGCAGATAAAGAAAATTTAATTACACAAGGT
NA,WP_014262903.1,1,ATGAAATTAAAATTAGACGGGGTTGCGGAAACG
NA,WP_014262904.1,1,ATGGATTGGAAAAAAATTTACCAAGAGAGATTG
NA,WP_014262905.1,1,GTGAACTTGAACGGTTTGTTAATCGGTGTATCT
NA,WP_014262906.1,1,ATGAGTCAGTTTATTGCAGAAGAATCTTTTTGG
nrdD,WP_014262907.1,1,ATGGGATTACAGGTAATCAAACGAGATGGAAGC
nrdG,WP_014262908.1,1,ATGAATTATGCACAAATCAGGCAGTTTGATATT
NA,WP_014262909.1,1,TTGATTGAAATCCAAACAGGAAACATTATTTTT
NA,WP_041250840.1,1,ATGAAACTAAAAAAATTTTTTTCAAAAATCAAT
NA,WP_014262911.1,1,ATGTATAAGCTGTTAATTGTAGATGATGAGCCG
msrAB,WP_242821732.1,1,ATTGCAGGTACAGCGAAAGCAGAAAAAAAGGAA
NA,WP_014262913.1,1,ATGAAAAAATTTCAATTAGCACTTGCAATCGGA
NA,WP_014262914.1,1,ATGATTGGGCAACAAGTATTGATAAGCAGTGTG
dxr,WP_014262915.1,1,ATGAAAAAAATTGCTCTATTCGGAAGTACCGGC
NA,WP_014262916.1,1,ATGATAAAACGACAATTTACAAAGGCGATTTTC
dxs,WP_014262917.1,1,ATGTTACTGGAAAAAATACAATCGCCGGAGGAT
NA,WP_014262918.1,1,ATGAAATTTCATGAAATGCCGTATCAAAGACCT
NA,WP_014262919.1,1,ATGAACAAAGTTTTGAAAAAAGGAATTCTGATT
fabZ,WP_014262920.1,1,ATGAAGTACAATTCAAATGAAATCCAAGAAATT
fabF,WP_014262921.1,1,GTGAAAAGAAGAGTTGTAATCACAGGAATGGGA
fabG,WP_014262922.1,1,ATGGAAAAAAGAGTAGCATTGGTAACAGGTGCC
fabD,WP_014262923.1,1,ATGAAACTTGCAATTTTATATGGAGGACAGGGA
NA,WP_014262924.1,1,ATGAAAGCGTATCGAATCAGAAACAAAACGCTG
NA,WP_014262925.1,1,ATGAAATTACATGAACTTTTGGGAATCAAATAT
NA,WP_014262926.1,1,ATGAGTTTTGAAGTGGTATCAACCGGTCGATAT
NA,WP_014262927.1,1,TTGATACAAGAGTTGGAAAAAAAGATAGAGTGT
accD,WP_014262928.1,1,ATGGGAAATTTTTTGAAAGACAGAAAATCAAAA
accC,WP_014262929.1,1,ATGTTTCACAGAATTTTGATTGCCAATCGAGGA
accB,WP_049770210.1,1,TTGGAACTGGCAGAATGGTTTTCACGCTCTAAT
pta,WP_014262932.1,1,ATGAATATATTTGATTCAATGAAAAAATTGGTA
nadE,WP_014262933.1,1,ATGAAAAACGAAATATTGGAACAAAAAATTCGA
NA,WP_014262934.1,1,TTGAAATCATATCGTACGATACAACAGTCGGGT
hflX,WP_014262935.1,1,GTGGAACAGGACAAAAGAGAGGTCTGTTATTCT
NA,WP_014262936.1,1,ATGAAAAACAGAGATGAAAATATCCTAATGACA
NA,WP_014262937.1,1,ATGAAGAGAGAGATTTTAGACAGGATAGAGGCA
NA,WP_014262938.1,1,ATGAACTATATTTATGAAGAGAATCGTATTTTT
NA,WP_014262939.1,1,GTGAATGTAGATATCAATAAAACCAAAAACTTT
NA,WP_014262940.1,1,ATGAAAATTTTATTGAGCTCAGTAATAGTACCT
NA,WP_014262941.1,1,ATGCGTAAAAAAATTCAATTATTAGGGATATTA
NA,WP_014262942.1,1,ATGATAATATTTATATTATTTATTATATTATTT
NA,WP_207635076.1,1,TTGAAAACTTTAAAATGGATTGATAAATATTTT
NA,WP_041251064.1,1,ATGAAATTGTCAAACAGACTTTTAGGAATGCCT
NA,WP_041250842.1,1,ATGAGTAGACAAAAAGATTATAAGAAAAATATT
NA,WP_014262946.1,1,ATGTTATTAAAAGTATTGATTGAAAATACAGCT
mutY,WP_083799695.1,1,TTGAAAACACTTCCTTTTCCTATCCTACCATTT
NA,WP_014262948.1,1,ATGATAAAATTTGTGTTACTGATTATTGCTATA
NA,WP_014262949.1,1,ATGAATTTGAAGGAATCAAAATTCACCGATGGA
NA,WP_014262950.1,1,ATGAGTAAAATTATTGTAGTAGGTGCAAACCAT
scpB,WP_014262951.1,1,ATGGAGCTAAAACAACTATGTAGTATCATAGAA
NA,WP_014262952.1,1,ATGGGATACAATGTTCAAATGCAAAATTATGAA
NA,WP_014262953.1,1,ATGAATTCAATTAACTCAATGTTGCTTAGTTTG
NA,WP_014262954.1,1,ATGGCAAAAAAACAAAACAAAATTAAAATTATT
NA,WP_041250843.1,1,ATGGTAATGAATACAGATTATATGGAAGATTTG
NA,WP_014262956.1,1,ATGTTAGAAGAAACAAGGATTGTATTAACAGAT
ruvX,WP_049770211.1,1,ATGGAAAAGAGAATTTTGGCATTGGATGTGGGA
NA,WP_014262958.1,1,ATGTCAGAAAAGAAAAAAAATTTGGATTATACG
NA,WP_014262960.1,1,ATGATTTTTAGAGAAGTTGAAACGATTTCGAAT
NA,WP_041250844.1,1,TTGAAGACACGACGATGGGATTTTATTTTTATG
NA,WP_041250845.1,1,ATGCAACAAAAACAAAAGGGTTTCTTTTCCGTT
NA,WP_014262962.1,1,ATGAGAAAGAGTGTTTTGCTTTGTGCTTGTTTG
NA,WP_014262963.1,1,ATGGGAAATATTGCAATGATTTATGCGTCGGTT
NA,WP_041250846.1,1,ATGGCAATCGAAAACGTGAAAGAGTATTTTAGA
NA,WP_014262965.1,1,ATGGGCGCAGTGAAGAGACTGAGTAAGGAAGAA
NA,WP_041250847.1,1,ATGTGTGATTATTGTAAAGATATTCCGTTGGTT
NA,WP_014262967.1,1,ATGAAACTTGAAGAAAAAATCCTTGCACTTCGA
NA,WP_014262968.1,1,ATGAAAAAAATTTCAACAGTCCTATTATTGATT
NA,WP_014262969.1,1,ATGTCAAGGCTACCTATTCTACAAGAGTTGCTC
NA,WP_014262970.1,1,ATGGACTTTAGACAGATAAAAAGAGAAGATGTA
NA,WP_014262971.1,1,ATGGATAATTTTATACACTATGTGTATATTGAT
NA,WP_014262972.1,1,TTGATAGCGATAAAAATGTTATTAAGTTTTTTA
NA,WP_014262973.1,1,ATGAAACCAATTAAACTGACACTTTCCGGATTT
NA,WP_014262974.1,1,ATGAAAATACTTCATTTAGCAGATTTACATATC
hisS,WP_014262975.1,1,GTGCAAAAATTATCATCAAAGCCTGCAAAAGGA
NA,WP_242821710.1,1,TTGGAACAGGAACAAACAACAAAAATGAACAAA
NA,WP_014262977.1,1,ATGAAACATTTTTTTAAAGTATTTTTTATCACC
secA,WP_014262978.1,1,ATGGGTATATTGGATTCCTTTTTCTCTAACCGA
prfB,WP_156775261.1,2,TTGTTAAACGAACAAATTTATCGTGAAAAACTT
NA,WP_014262980.1,1,ATGAATTACAAGGAACTTTTGAAATCTGAACTG
NA,WP_014262981.1,1,ATGTTTAAAACAGTTGGTTTTATGATAGTGCCA
NA,WP_014262982.1,1,ATGGAACGAAATTTTAAAAAATTTTTGTCAGTG
NA,WP_014262983.1,1,ATGGCAGTAGAAAAAACAATGGAAAAAATTGTT
NA,WP_014262984.1,1,ATGGCTTGTACCACACTTCTTGTTGGAAAAAAT
NA,WP_014262985.1,1,ATGGAACAAACACTAAAAAAATCAAAAGGAAGA
NA,WP_014262986.1,1,ATGAAGGATTCCGAAACATTTGAAAAAAAACAA
NA,WP_014262987.1,1,ATGAATACGGAGACCATATTAGTGGTAGATGAT
NA,WP_014262988.1,1,TTGGATAACATTGCCATTTTTTCAGATATACAC
NA,WP_014262989.1,1,ATGTTTCCATACTTTTATTATGATGCAACCATC
fmt,WP_014262990.1,1,ATGCGAGTAATTTTTATGGGAACTCCTGAATTT
def,WP_014262991.1,1,ATGGCGATTAGAGAGGTTCGTATTGACGGTGAT
priA,WP_014262992.1,1,TTGAAACAGTTGATAGAAGTTGCCATTTTAAGC
NA,WP_014262993.1,1,ATGGGAAATAGAAATTTGAAAGAAATAGCAGTT
NA,WP_041250848.1,1,ATGAAACAAAAGAAAAACTTTCGACAGATTTTT
NA,WP_014262995.1,1,ATGAATCCGGTTTATGAAAAGTTAAACAAGTGT
NA,WP_014262996.1,1,ATGAAAAAGAAATTAGTGAGTGCAGTTTTGGCA
deoC,WP_014262997.1,1,ATGGAAACAAAAGAAATTTTAAGCCATGTAGAT
NA,WP_041251073.1,1,ATAAGAATGTATGATTTGATTATCAAAAAAAGA
NA,WP_014262999.1,1,ATGAATATATTGTATTTTGTCGTTCAACAGACC
NA,WP_041250849.1,1,ATGAAGCATAAGAAAAATATTTTTGGGGGAGAA
NA,WP_014263001.1,1,GTGGAATATGTAATTGAAATGAATCATATCACC
cdd,WP_014263002.1,1,ATGACGGATGAAATGTTATTAAAAGAGGCGAAG
NA,WP_278214531.1,1,TTGAGTAAGATTGGACTTGGGACTGAGGATATC
NA,WP_014263003.1,1,ATGAGAAGAGAAATAAAATTTCATAGTATTATG
NA,WP_014263004.1,1,ATGCAAAAAAATGTGAAATGCACAGTTGAAGAT
NA,WP_014263005.1,1,ATGGAATTTGTACACGACAGAAACAGTAATATT
NA,WP_014263006.1,1,ATGGGAACATGGAGTGCAACGATTTTTGGCAAC
NA,WP_014263007.1,1,ATGAGAGTCATTGATTTGACACATACTATCAAA
NA,WP_041250850.1,1,ATGAATTATTTATTTTTATTATTGATACCGATA
NA,WP_014263009.1,1,ATGCCTGTAACAATCTTTGTGCATTTAAACGAA
NA,WP_014263010.1,1,ATGAAGGATATGGATTGGGGTAATATGCGTAAA
NA,WP_014263011.1,1,TTGGAATTTTATATCGCTGAAGAAGGGAAACCG
NA,WP_014263012.1,1,ATGAATGATATGACAGAGATATTAGACAATGCC
NA,WP_156775262.1,1,ATGAGAAAAAGTCAAAAATTCAAAATGGAAAGA
NA,WP_014263013.1,1,ATGAGCAAACAGAAAAGTGTTACATTGAAGAGT
NA,WP_014263014.1,1,ATGGATAAGAATACAGTTCGTATTGTGAAAATT
NA,WP_014263015.1,1,ATGAAATTTCTAAAATTCGTTTTTATTTTTGCA
NA,WP_014263016.1,1,ATGACATTTATTGATGAAGCTTTGAAAAACTGT
NA,WP_014263017.1,1,ATGAACTTTGAAGAATTATCTTTAGGCTATCAA
NA,WP_014263018.1,1,ATGAACGTATTAGAACAAATACAACAGATGATT
NA,WP_014263019.1,1,ATGAACAATAACAAAGAATTGGAAGTTTTTGAA
NA,WP_014263021.1,1,ATGATTTTTGGCATGACGTATTATCAAATTTGT
NA,WP_014263022.1,1,ATGATGGAATTGGAAGAAATCATCAAAACAATG
NA,WP_014263023.1,1,ATGGAAAAAGTATTTTTTGAATATAGTGAGAAC
NA,WP_014263024.1,1,ATGCCAGGATTCATAGAAGCATCTTATGAAAAT
NA,WP_014263025.1,1,ATGGCAAAAAACAAAATTCTAACTTGTTATTCG
NA,WP_014263026.1,1,ATGAAGTGTAAGCTTGAAGAAATTTGTTCATTT
NA,WP_014263027.1,1,ATGGCTGGAAAAAACAATGCAAATATAGGTTTT
NA,WP_014263028.1,1,ATGGGAATCATAGCAAACTATAACTATCTGAGT
NA,WP_041250851.1,1,ATGAGTTACACAATTTCTCTGTTCACCGTAGGG
NA,WP_014263030.1,1,ATGGAACAAAAAATAGAAGGAACAGTGGACAAT
NA,WP_014263031.1,1,ATGAAAACGTTGATTAGATTGGAATTAAAAAAG
NA,WP_014263032.1,1,ATGAATCATCATTTCATTATAGAAACAAATAAC
NA,WP_014263033.1,1,ATGGCGAAAGAATATAATGCAAAGGCTACCATT
NA,WP_014263034.1,1,ATGAATATCGGGATGAATATACGCAGATTGAGG
NA,WP_156775263.1,1,ATGAAATCCGGACTGATTGTGTTATTGGAAGAT
NA,WP_014263035.1,1,ATGGCAAAGAAAAAAAATAATTTAACATTGGAA
NA,WP_014263036.1,1,ATGGGAAATCAGGAAATTGTTCAAAAACTATGG
hsdR,WP_014263037.1,1,ATGCAATCTAATTTTGATTTTTTACAAAATGAT
NA,WP_014263038.1,1,ATGCCAAACAAAGAGTACAAGAATTATTTAGAA
NA,WP_014263039.1,1,ATGCGAAAAATAATAAAAAAATTACTTTATATT
NA,WP_049770212.1,1,ATGGATACGAAAAAAACAAAATCATATTATAAG
NA,WP_014263041.1,1,ATGAAAGAACGTAATGATTCGCACAAGGCGGAA
NA,WP_242821711.1,1,ATGATTTATGAAAGCGAGGAGTTCTCTTTACTC
NA,WP_014263043.1,1,GTGGAAAATGGTTCGCTTCATTCTATTACAAGG
NA,WP_014263044.1,1,ATGGAGAAATTATTTCTTACTTCAAATGAAGTT
NA,WP_242821712.1,1,GTGTTTGGATTGAGTTTGGGTAAATTGATAAAG
NA,WP_014263046.1,1,ATGAATTGGATAAAAAATAACATAAATATAATA
guaA,WP_014263047.1,1,ATGAATCAGGAAACAATCGTTGTAGTTGATTTT
guaB,WP_014263048.1,1,ATGGCAAATATTTTGAAAGAAGCATTGACCTTT
thiT,WP_014263049.1,1,ATGAAACAAACAGATGTAAAAATTTTGGTAGAA
NA,WP_014263051.1,1,ATGGCAGAAAAAATTGATGCACTGATTACACCG
NA,WP_014263052.1,1,ATGCAAAAAAGTGAGAAAGAACGACGAGTTTCA
NA,WP_014263053.1,1,ATGTTAAATTTGCGTACAGGATATATGGCTTTT
NA,WP_014263054.1,1,ATGGCAGAGAAATTTACAGACAAACTAAAAGGA
NA,WP_014263055.1,1,ATGGATGTAAAAGATAATTTGAAATCGGTACAA
NA,WP_014263056.1,1,ATGCAAAAACAAAGAAAGAGAAGAAACAGACGA
sigH,WP_014263057.1,1,ATGAAGGATACAATGCAATACTTTTCCGAAAAG
NA,WP_014263058.1,1,ATGAAATTTCGTGTAAAAAAGAGAGAAATTCTT
rlmB,WP_014263059.1,1,ATGCAGATAGAAGGAAGAAATGCTGTGTTAGAG
NA,WP_014263060.1,1,ATGAAGATATTAGATGTGAGAGTGGACAGAGTA
csaB,WP_014263061.1,1,ATGTATAAAATAGTTGCATCCGGATATTTCGGA
NA,WP_014263062.1,1,ATGAAGATAGATAAAGTGTTGGGAATGTTCTTG
NA,WP_014263063.1,1,ATGAAAATACTATTGATAGAGTATCCGAAATGC
NA,WP_014263064.1,1,ATGAGAGTAGTTCAAGTCGGAACAGGAAAAATG
NA,WP_041251080.1,1,ATGAAATTTAATCAAGTGAAATTTATCGTTCAA
NA,WP_049770214.1,1,ATGTTTGCTACATTTCTGACAAATATTCATCTT
NA,WP_014263066.1,1,ATGAAAATGATGAAAAAAACGATTCTTATTATG
NA,WP_014263067.1,1,ATGATAAAAAAAAGATATTTAGCCATTCCCGTT
NA,WP_014263068.1,1,ATGAGGATATTGGTAGTTGAAGATGAAAAAACT
NA,WP_014263069.1,1,ATGAAGAAACAACATTCCCTTCAGTGGAAACTC
NA,WP_041250855.1,1,ATGAGAGATAATTATGAGGCGGAAAATTACGAT
NA,WP_049770215.1,1,TTGAGAAAAGACAGAAAGGATTTCAGAGAAATG
NA,WP_014263072.1,1,ATGAAACAGTACGAAAGTGAAAAAATAAGAAAT
NA,WP_014263073.1,1,ATGGATACTAATACAGTTATCACAAAAATATTA
NA,WP_014263074.1,1,ATGAGTAAGATTCGTGACCAACATATGCATTCT
NA,WP_041250856.1,1,ATGAAAAATAGGAAAAGATTTTTGAAAAGCACA
NA,WP_014263076.1,1,ATGCCGGATGCACTAAAAATAGCAATCTGTGAA
NA,WP_014263077.1,1,ATGAAAAGAAATTTGAAAATGTTTGTTGCTTTG
NA,WP_156775264.1,1,ATGAAAAGAATATTCATTTTGAGTTGTTTTATT
NA,WP_014263079.1,1,ATGGATGTTCGTGATAAATTACTTACGGAAAAT
NA,WP_014263080.1,1,ATGACATATAAAAAATTTTACTTCGGAAAGTTA
NA,WP_169308496.1,1,TTGTTTATTTTAGACGAAGACACGGCAAGTGTT
NA,WP_014263082.1,1,TTGATTGAATTTATAAAACTTTCTTTTGCCTAC
NA,WP_014263083.1,1,ATGAGTTTGGATCCCAGAACAAAACTTCTGATT
NA,WP_014263084.1,1,ATGAAAAATGAAAACAAATTATTGACAAGAGAT
NA,WP_014263085.1,1,ATGAAAATATCAGAAACGCAACAAAAAATATTA
NA,WP_156775265.1,1,TTGAAAAAGTTAGGAATAGAATATATAAGAACA
NA,WP_041250858.1,1,ATGAAAGACTCAGAATACAATATGATTGTTGGA
NA,WP_014263086.1,1,ATGGCAAAAGGAAGAAATCAAAAACTGAAACTT
NA,WP_014263087.1,1,ATGAATCTTAAAGAAATCTATACACAGCTTATT
NA,WP_014263088.1,1,GTGAACCAAAGAGAAATAGAAGAAATTAGAAAA
NA,WP_014263089.1,1,ATGGAATTAAATGTATTACCTGTGCTTACTTGG
sufC,WP_014263090.1,1,ATGAGAGGAACGCTGTTAGAGATTAGGGATATG
NA,WP_014263091.1,1,ATGAAAAAGCGATTAGCAAGCATTTTTTTGGTT
NA,WP_014263092.1,1,ATGAAACACAAAAAGTATGCAGTTATTCTATTT
NA,WP_014263093.1,1,ATGAGCAGAACCGTTTTGGTAACAGGAAGTTCC
NA,WP_014263094.1,1,ATGAAAAATTTGTATATGATTGTAGCAATGACG
NA,WP_014263095.1,1,TTGAAAAAGATAGGATTGCTGGTTGCAGTGGAA
NA,WP_014263096.1,1,ATGACAAAGGCGGATAAGAATTTTAAAGAACTA
NA,WP_014263097.1,1,ATGGTAAATAAGGTGGCATTTTTTGATATTGAC
NA,WP_014263098.1,1,ATGAGAAGAAAAGATCGTGAGATAGTAAATCAT
NA,WP_014263099.1,1,ATGCGTGATGAGATTGTATTATCTAAAGATGAA
NA,WP_014263100.1,1,ATGGAGAAAAACAAAAATTTTTTAACAGAAGAA
NA,WP_014263101.1,1,ATGGAACAAACTACACCGATAGAACAGATTGAA
rpsD,WP_041250859.1,1,TTGGCAAGACCAAGAGGACCACGTTTCAAAGTG
NA,WP_014263103.1,1,ATGTTTTCATCAACAAGAGAAGTATTACCTTCC
NA,WP_014263104.1,1,ATGAACTCATATCAAGAATTGGCGAATCATGCA
NA,WP_014263105.1,1,ATGAAACGAGCAACGAGAGATGCATACGGAACT
NA,WP_014263108.1,1,ATGACAACACTACTACATTTACAAAACGGAACT
NA,WP_014263109.1,1,ATGCAAAAAAAGAAATTACTCATTTATCCTGTG
NA,WP_014263110.1,1,ATGACAAAGTCTACGGATAACTTATTACAGGAA
NA,WP_014263111.1,1,ATGACAGAAAGAAATCAAAACTATATCAATACG
NA,WP_014263112.1,1,ATGAAAAAGATGATAATAGCACAGAAAGGGATC
NA,WP_014263113.1,1,ATGAAAAAAAGTTTAAGTATTCTTCTTGCATTT
NA,WP_014263114.1,1,ATGAGTGATACAGATTTGCTTTATTTCAAAGAA
NA,WP_014263115.1,1,TTGAACTGTTTGATACGGAATATTACCATAGAA
NA,WP_014263116.1,1,ATGAGAGTAGAAGTATTTCCTCTTGAGAAGATA
NA,WP_014263117.1,1,ATGATAGCAAAGGCAGGAGATGTGTACTGCGTC
NA,WP_014263118.1,1,ATGGAAGGAGAAGTGATATCTATGGCGATTCTA
NA,WP_014263119.1,1,ATGAAAATGAAAGTCGGAAAAACTTATCGTGTT
NA,WP_014263120.1,1,GTGAATCGAAACAACGATAAGATTACCGGATAT
NA,WP_014263121.1,1,ATGGCTTCAAGGAAAGAATATTTAGATTTTATT
NA,WP_014263122.1,1,ATGGAGAAAAATTGGAACATAAAAACAGAAGAT
NA,WP_014263123.1,1,ATGAACGAGATTGAGAAATATCGAATATTGAGT
NA,WP_014263124.1,1,ATGTTGCTGGATAATGAAAGATATGAAGAGGTT
NA,WP_014263125.1,1,ATGGAGAAATTAAAGTTGAGTCTTTTACAAAAA
NA,WP_014263126.1,1,ATGAAAGAGTATCTTAAATTATACCAAAAGATG
NA,WP_014263127.1,1,ATGATCGTCAATATTTGGTTAATTATTTGCGGT
NA,WP_014263128.1,1,ATGAATGCCGAACTTTATATTACAAAAGCTTCC
NA,WP_014263129.1,1,ATGACAGAAACTAAGATTATGATTGGCGAAAAT
NA,WP_014263130.1,1,ATGAGTAACCTAAGAATCAATTTTATCGATGAA
NA,WP_242821733.1,1,ATGATAAGTTTTGTATACGATAGACCTTGGATC
NA,WP_014263132.1,1,ATGGCAATAGACGGAGTCAAAATAATAGATAGT
raiA,WP_014263133.1,1,ATGAACCTAAAGATGATTGGTAAAAACATAAGT
NA,WP_041250861.1,1,ATGGAAGGTTATTTGAGAGAAAAAGAACTTAAA
NA,WP_014263135.1,1,ATGATTTATGTACTCAAGAACAAAGAAATGCCA
NA,WP_014263136.1,1,ATGATTGAAACAATAAAAAACATACTGTCTTCC
NA,WP_014263137.1,1,ATGAAGGTAAAACCGTCTGAATTTTTATTAAGC
NA,WP_014263138.1,1,ATGACTTTGGTAATCGTGATGTCAGTGATTGCA
NA,WP_041251093.1,1,ATGTTATTTCGAATGGCGTGTTACCTTTTTATG
groL,WP_014263140.1,1,ATGGCAAAGGAAATTAAATTCGGGGAAGACGCA
NA,WP_014263141.1,1,ATGAAAATAAGACCATTAGCAGATCGTGTAGTA
NA,WP_014263142.1,1,ATGGCAAACGAATTAGCACCTACCAAAGCGAAT
NA,WP_014263143.1,1,ATGAGCGACAGAGAATATTTGCACCTCAATCGG
NA,WP_014263144.1,1,ATGGATAAATCAAAAGCAATAACAACATCCGTC
NA,WP_014263145.1,1,ATGATAACCTTGGAAGAAAAATTAAAGCAATTT
NA,WP_014263146.1,1,ATGAGAACAATGCTCATATCCGATAACAACGAT
NA,WP_014263147.1,1,ATGAACTATGTGTTAGCATTAATGATATTTTTT
NA,WP_014263148.1,1,ATGGCAGTAGAAAAGATGAAGCTTATGAATATC
NA,WP_014263149.1,1,ATGGGAAGTGCAAGTAAATTTTCGGCACTGAAT
NA,WP_041250862.1,1,GTGGAACAAATCATCAAATCCATTATTCAAATA
msrB,WP_014263151.1,1,ATGGAAAAGAGAGAGATTTATTTAGCAGGGGGT
NA,WP_041250863.1,1,TTGAATTCGTCAAAAGATAGCATCAAAAAAATA
NA,WP_014263153.1,1,ATGTTATTTAGCAGTGGTATTTTTTTGTTCTGG
NA,WP_156775267.1,1,TTGAAAAGAGAAATAGAGCCTATTTGGAAATGG
NA,WP_014263154.1,1,ATGTGGGTGTTATTCGGTGTGGCGGCAATTGTA
NA,WP_014263155.1,1,ATGTTCGATATTGCTGTAATCGGCGGAGGATCT
NA,WP_014263156.1,1,ATGATAGAAAGCAGACCCGAGTTTGATAAAATC
NA,WP_014263157.1,1,ATGAAGAATTGGATATCGGAACATGTATTTCTT
NA,WP_014263158.1,1,ATGAAAAAATGGATAGATGAATATGTATTTCTT
NA,WP_041250864.1,1,ATGAAGAAGTGGATAGATGAACATGTATTTCTT
NA,WP_014263160.1,1,ATGAACAAATATGTATCTGAAAATGTATTTCTT
NA,WP_014263161.1,1,ATGAAGAAGTGGATAGATGAACATGTATTTCTT
NA,WP_014263162.1,1,ATGAAAAAATTTTTAGTAACAACAGTAGCGGCA
NA,WP_014263163.1,1,ATGGAGAATATACTAACGCTCAATGGCGTATCG
NA,WP_041251094.1,1,ATGAGAAAAAATTCATTTTTTTGGAAAATGGTA
NA,WP_014263165.1,1,ATGTTTTTTAGAATGATTAGAGGTTCTATCTTC
NA,WP_242821714.1,1,GTGATTGTTATTTTTAAAATATTTATTAAAGTG
NA,WP_014263167.1,1,ATGAAATTCAAGAAGGGTTTATTGGTATCATTA
NA,WP_014263168.1,1,ATGAAAACGCGTAAGAGATTTTTTGCTGTAATA
NA,WP_014263169.1,1,ATGAGTAAACAGTTAAATAATAGAGAAATTGCG
NA,WP_014263170.1,1,ATGGCTTTATTGGAAACAAAAAATCTCAGCAAA
NA,WP_014263171.1,1,ATGAAAAAAAATATAATATTTGAAGTGATTATT
NA,WP_014263172.1,1,ATGAAAAAGAAATTATCGGTATTACTCGCAACT
NA,WP_014263173.1,1,ATGCGCAATAACAAAAAACAAACTTATTTGGTC
NA,WP_014263174.1,1,ATGGACATCACGATTCATAACTTATCAAAATCT
NA,WP_014263175.1,1,GTGATTGTTTTGCAAGGAAAAGAGAGAAGAGAA
tsaE,WP_041250867.1,1,ATGAAGAATAGGATATTACTGAAAAATGAAGAC
NA,WP_014263177.1,1,ATGGAAAAAATAAGATGGGACAGGCGTTCCGTT
NA,WP_014263178.1,1,ATGTTGACAAGACAGTTTCAGATAAAATTAGAT
whiA,WP_014263179.1,1,ATGTCATTTTCAACAGAGGTAAAAAATAATTTA
NA,WP_041250868.1,1,TTGTTAAAAGAAGAGATAAGTTCGGGTGGAGTG
NA,WP_014263181.1,1,ATGAAGAATATGGGAAAGAAAAAAATTGTTGTT
rapZ,WP_014263182.1,1,ATGAAGACAATTATTGTAACGGGATTGTCCGGC
NA,WP_041250869.1,1,TTGGAGAAGAATAGATTTGTACAGACAGCAGAG
murB,WP_014263184.1,1,ATGCAGAGAGTAGGTGAAGTGATGAACCGTCAG
NA,WP_014263185.1,1,ATGGCGAAAAAAATGCGGAGTATTGATTTTAGA
NA,WP_014263186.1,1,ATGTTAAACAAAAAAAATATCCAAATTTTACTG
NA,WP_014263187.1,1,ATGTCTGAAGTATTAGCGAAAGTAAATGGCATA
NA,WP_014263188.1,1,TTGACTTCAAAATTCTCAAAAAACAAAAAATAC
NA,WP_156775269.1,1,GTGGGAGAGAACAAAGGTTGTGGAATAATTTGC
NA,WP_041250872.1,1,ATGACATTATTGGAACAATGCCAAAAATGGTTT
NA,WP_014263191.1,1,TTGGATACGGGAAGAATAAAATCAGGAGATGAA
rpmH,WP_041250873.1,1,ATGAAGAGAACTTATCAACCTAAAAGAAGACAA
rnpA,WP_041250874.1,1,ATGATTTTTTCGAGTTTAAAAAAGAACGAAGAC
yidD,WP_014263194.1,1,ATGACAAAACTACTAAAAAAGATTATAATAGCA
NA,WP_242821715.1,1,TTGACAACACCAATTGCAAAAGTACTCGGTATG
jag,WP_014263196.1,1,ATGAGAACAATTGACGTACTTGCAAAAACGAAA
NA,WP_014263197.1,1,ATGAAGTATTATCAGATTTACACATTTGATATC
mnmE,WP_014263198.1,1,ATGTTTATAGATGATACAATCGCAGCAATTGCT
NA,WP_014263199.1,1,ATGAAAGAAATGTTTGAAATTCTGACAGACTCC
NA,WP_014263200.1,1,TTGTTTTTACGATATGTCATTCCATCTATTGCA
NA,WP_014263201.1,1,ATGCAAGAAGTATCAAAAAAAGGAATGTCCACT
NA,WP_278214556.1,1,GTGAGTTTTAATAGATATCAGTATAATGAACGC
NA,WP_014263202.1,1,ATGGAATCTATTATGAAAATTATGGTATCATTT
NA,WP_041250876.1,1,ATGAAGAAGTTCAGCATGATGAAAAAATGCATC
rpsF,WP_014263204.1,1,GTGAGAAATTACGAACTGATTTATATTTTGAAA
ssb,WP_014263205.1,1,ATGAATATTGCAGTACTGATAGGAAGACTTACT
rpsR,WP_014263206.1,1,ATGGCATTCCAAAAAGGAAACGTTAGAAAAAGA
NA,WP_014263207.1,1,TTGCAAAAAAAATTATATCTATCCCAAACTGAC
NA,WP_014263208.1,1,ATGTACCAAACCATTGGAGAAGAAATCATGAAC
NA,WP_041250877.1,1,ATGTCAATTTATGATTTTAAGGTAAAGGATTCA
NA,WP_014263210.1,1,ATGGAAAACTTTTTTGAAAAATCCTTTCATCTA
NA,WP_014263211.1,1,ATGATTCAAAGCTTACAACGATCAATGGAACTC
NA,WP_014263212.1,1,ATGAGTAACGTATGGGATTATGATGATTTTATT
glmS,WP_014263213.1,1,ATGTGTGGAATCGTGGGATATATCGGAAAATCC
NA,WP_014263214.1,1,ATGCGTGAATCAAAATCAAATTTTACACAAAGA
NA,WP_041250878.1,1,ATGTTAATTAGATTTAATGTGAGAAACTTTTTA
NA,WP_049770218.1,1,TTGCTTGATGTAGAAATGATATTTCGATATAAA
NA,WP_014263217.1,1,ATGAAGAAAAAACTTTCTTTAGCAGTAGCCGGT
NA,WP_156775270.1,1,GTGAAATGTAATACAACTGTAATGCACTCCATC
NA,WP_014263218.1,1,ATGAAGATTGTGAATTTGAATCAGTTGAATCAG
NA,WP_242821716.1,1,ATGAATATGGTAGGAGAAGGGTTAAGTCAAGTA
NA,WP_014263220.1,1,ATGAAACTATACAGTGACAGAATCGTACTCAAA
NA,WP_014263221.1,1,ATGAACTATAAAATGATACGATACCTCATTGGC
trkA,WP_014263222.1,1,ATGAATATTTTAATTGTTGGAGCCGGAAAAGTA
NA,WP_014263223.1,1,ATGATACAAATGATTGTGGTGGGAGCATTGAAA
NA,WP_014263224.1,1,ATGAAACTAATATCATGGAATGTCAATGGAATC
NA,WP_041250880.1,1,GTGTCAATCAAAAACATTGATTTGGGTTCCAAA
NA,WP_014263226.1,1,ATGGCAAAACATTCTGCAAAGAAAAAAACAAAA
NA,WP_014263227.1,1,ATGAAAAATACCATTTTGATTATTGAAGATGAA
NA,WP_014263228.1,1,TTGTTTAAGAGTATTCGTTGGAAACTGATTTCG
NA,WP_014263229.1,1,ATGAAAAAATGGGTGTTAGTTGGGATGCTTCTG
NA,WP_014263230.1,1,ATGAAACTATTGAACGAAAAACAGAAATCTATT
NA,WP_014263231.1,1,ATGAACTGGAATAAAGTAAAAACTTATCTGATT
thrS,WP_014263232.1,1,ATGAAAGTAACATTGAAAGACGGCTCTGTCAAA
NA,WP_041251102.1,1,ATGAAAGAATTAGCAGGAACAAAAACAGAACAA
NA,WP_041250881.1,1,ATGCAAGTGCATTTCATTCAATTTCTCATCGTG
mnmG,WP_014263235.1,1,ATGTTTTTTCATGCAGGAAGTTATGATGTGATT
rsmG,WP_014263236.1,1,ATGAAAAATACAATTTTGAAAGATGGATTGGCT
NA,WP_014263237.1,1,ATGGAACTACAAACAATCGAACTTCAAAAAATC
NA,WP_014263238.1,1,ATGAAACGAAGAAATATCATTGCCGTCGCGGTA
NA,WP_014263239.1,1,GTGGTGAGTTCTATTTTTTCAGACTATACAAAA
NA,WP_242821735.1,1,ATGTATCAACCGAAAAAAATTAACATTGGCGAT
NA,WP_242821717.1,1,ATGAAATGTCAGACTTGTCAAAAGGAAATATGG
NA,WP_207635077.1,1,ATGGATATGATGAAGAAAGATAAAAATTACAAA
NA,WP_014263241.1,1,ATGAAAATTATTATTGTAGGTGGAGTTGCGGGA
NA,WP_014263242.1,1,ATGAAAATGACAAAAGAGTATCAGGAAGCGATG
NA,WP_014263243.1,1,ATGAATATTACAATTGTAGAACCGAAGCAAAAA
NA,WP_014263244.1,1,ATGAAAAAAAAGATAACAGTAGAGGGATTTGAA
NA,WP_014263245.1,1,ATGAATACAACAGGCACATCTTTGAAAAAATTA
