gene_name,prot_id,number_of_exons,gen_core_seq
NA,WP_071704804.1,1,TTTCTTGGCTATCTTTTTGAAACTCCCACCGTT
NA,WP_071704805.1,1,GATAAGATCAATCATGCGCATGCGTATGGCGGC
whiA,WP_071704806.1,1,AACGCTTGGGATGGCGAAATTCTGGAACACGTT
NA,WP_071704807.1,1,ATAGAAGTACACAAGACCGTTCATTATTATACG
rapZ,WP_071706014.1,1,GAACAAATTGATCTTCTGTTTTTGCCGCAAGGA
murB,WP_071704808.1,1,TCTTCCCTTCATGCCATCAATCAAAACAATGCA
nifJ,WP_071704809.1,1,TATGGCCACAAGGGCGAAGACATTGTGAACATG
hprK,WP_071704810.1,1,AAGAGTGCAGTGGGAAAATCCGAAACGGGCTTG
uvrC,WP_071704811.1,1,GGCGAACTTTTTATGGCAGTGTTGCCGGAAGAG
NA,WP_071704812.1,1,AACGAGACCGAAATTTCCAATATGAAAGAAGCG
ychF,WP_071704813.1,1,GAAGAAAAGAAGCTGCTCAGCTCCTATCAGCTG
NA,WP_071704814.1,1,GAAGCTTTTCCGTTCGTGAAAAAGATTGCGAAA
mscL,WP_071706015.1,1,TCGGTCGGCAACTTTTTGAACGCCGTGTTCTCC
NA,WP_071704815.1,1,AAGGATGAACATGCCCGCCACCGCAACATTGCC
NA,WP_071706016.1,1,TTTATTGATCGCCTGTCCGCCTTTATCCTTGAA
NA,WP_147659348.1,1,CCATCCGGAATCTATGAAGGCAATTTTGCGGAG
NA,WP_157885011.1,1,TATGACATCTATCTTCTGCACTGGCCTCTTCTG
NA,WP_071704817.1,1,CGAGATATTGCCTTGGCCGAAGAAACCGGCGCG
NA,WP_197675334.1,1,CCCGTGGTGCTCTTGGGCTTCAATACCAAAGAC
NA,WP_083428104.1,1,AAAGCGGTGACCGCGGCGGTGAAAGCCGTCCTT
pyrF,WP_071704819.1,1,TCGCAGGAAACCATGAATCGCGAATTGGGCATT
pyrE,WP_071704820.1,1,GGAAAGCTGACGGTCGGTGAGCGCGTCGTGGTC
pyrB,WP_071706019.1,1,GGCTGCTGTGGAGACCTGAAATTCGGCCGCACC
NA,WP_071704821.1,1,CACATCACGGTCAATATCATTCACAACGGCGAA
NA,WP_071704823.1,1,GATCAATGGAAAAGTCAGGTTTTCCAACCGAAA
NA,WP_071704824.1,1,TTCGACTTCTCCTATCGCGATGAAGACGAGAAG
NA,WP_071704825.1,1,AAGGTTATTATCGAAGCGACGCCGAGCTATGAA
NA,WP_071704826.1,1,AATGAAGACGGGACGATGGGCTTTGAATTGCAG
NA,WP_071704827.1,1,ACCGACACGGTCCATATCGGCTATGCGATTGGG
NA,WP_071704828.1,1,TACGTGAGTGGCGAGATCGAGAAAGGAAAGACG
NA,WP_147659349.1,1,CAGTACGTGGATGAGGTGGCGGTCGTCGTGGAA
NA,WP_071704830.1,1,GGAAAGAACGAAAACTTGACCACAGATGTCTTA
NA,WP_071704831.1,1,CGTTTTGAGTTTACGACGGTCATTGATCTGTTT
NA,WP_083428105.1,1,GCTCGTCAAAGACTAGAAGACACGCTTTCAAAA
NA,WP_071704832.1,1,CTCGAGAGGGCTTCACTTGACGCACATTTCCAT
mobC,WP_071704833.1,1,ATTGCCAGCAACGTCAATCAGGTCGCCAAAAAA
NA,WP_071704834.1,1,TTACCTGAACAGTCTTTGGATATGAGCACCACC
NA,WP_147659350.1,1,TCTGGTGCCATCGATATTTTCACAAACGGAAAA
NA,WP_071704835.1,1,TCTGTTATGGACTGCGTGGACAGATATTTATTT
NA,WP_083428106.1,1,GCAATGGGTCTGTCAGAAGAGGAGTTAGCATTT
asnA,WP_071704836.1,1,ACCCAAATCCGCCGCGAAGTGACGTTCTTCACT
clpB,WP_083428107.1,1,GCGGAGCTCACCGAGGAATTGGCGAATCTCAAT
NA,WP_071706020.1,1,GCGGCGCAGGCCGGCACGGCGCGCAAAGCGAAC
NA,WP_071704837.1,1,GTCAATGGCGCCTCCATCGTCTCGTCGCTGGGC
NA,WP_071704838.1,1,ATGCCGGAATCTTGGCTTCCCGAAGATTGGGAT
NA,WP_071704839.1,1,TATCCCAGCGGAGAAGATGTGCTCCGCGTGGAA
NA,WP_071704840.1,1,TTTCGGTTGGAAGCGCTTTTTGATATTCGTCCC
NA,WP_071704841.1,1,GCGGAGGCGATTCTGCTTTGCAGTATGGTACCG
cls,WP_071704842.1,1,AATGTGGGCGATGAATATATCGGCCGTTACAGC
typA,WP_071704843.1,1,CCCTTACCTTTTGTGAAGATTTCCGAGCCGACG
NA,WP_071704844.1,1,CTTACTGTCACCGACACGCTGATTCACATCCGC
NA,WP_071704845.1,1,ACAGCCTTTGAAGATTTGCCGGAAGATTGGGTA
NA,WP_071704846.1,1,TATGAAGGATTACCGTTTCGGGAGGGAGATCCG
NA,WP_157885012.1,1,CTGTTGAACTATTTTGGTATTTGCGCCGGTGAG
NA,WP_071704847.1,1,TTGCGTCAAAAGATGGGGGTGCCGGCGTCATGG
yihA,WP_071704848.1,1,AGCATCAATACCTATCTGGAGCAGCGTCAAGGG
lon,WP_071704849.1,1,ACCTATGTCGGCGCCATGCCGGGGCGGATTATT
clpX,WP_071704850.1,1,GGAACGGTAGCCAATGTCCCGCCGCAGGGAGGC
clpP,WP_071704851.1,1,AGCATGGGTGCTGTGTTGCTCGCGTCCGGTACA
tig,WP_071704852.1,1,CATGAAGTGCGGGAAAAAGAGGTTCCTGAAGCG
NA,WP_071704853.1,1,TTCGAAGACATTTTGGCTCAAGAAGAAGAGATT
NA,WP_071704854.1,1,GAGGAAACAGGGCTTTGGAAGTCGCTTTTCACG
glmM,WP_071704855.1,1,TGCGGTTCTACGCACATTCAGAGCTTGGTGGAT
NA,WP_071704856.1,1,TTTAATAAGAAACTCGGCGCCGGATTTTTCGGC
NA,WP_071704857.1,1,ACGACGAAAACGGAAGAGACCGAGGAGATGAAG
rsmI,WP_157885013.1,1,GGCTTTTTGCCGCGCAAAGGAAAAGAACGGGAA
NA,WP_066925903.1,1,ATTTACGTGATCGATGCGGATGCTTGCATTGAT
NA,WP_071704858.1,1,ACACAGGGCCTTTCGTTGAATCCGACGAAGATT
NA,WP_071704859.1,1,TCCCCACAAAACCAAGAAAAGAAAGAATTCGAT
NA,WP_071704860.1,1,GAAGCACTGCGAATTATTCGCCGCAATTGCTCC
tmk,WP_071706023.1,1,GGAATTGCGCGTGGCGTCGGCTTGGAAAAAGTT
nadE,WP_071704861.1,1,CTGGCCCGTCGCATGCGGCATGTAAAGACGCGT
NA,WP_071704862.1,1,GTCGCCTTTTTGCTGCTGGTGCTTTGGTTTTCC
NA,WP_071704863.1,1,AAGGTCGGCTGGCTGACCCTGTATGCCGGTATA
NA,WP_172619969.1,1,CGCGTGTTGCGCAGGTTGCATTTTGACGAATTT
NA,WP_071704864.1,1,ACCACGGCGGAAGGGGGAGCATTGCTGTGGCGT
NA,WP_071704865.1,1,AACGGATCGTATGATGTTCAGATGGAAGTAAAG
NA,WP_071704866.1,1,CCCTTAGGATGCTACGGCGACGGCGGAGCCATC
NA,WP_071704867.1,1,GTCGGTTACCATCCGACGCATTTGGAAAAAGGC
NA,WP_071704868.1,1,GACCTGTTGCGCTGGATGCTGGGCGATGAAGTG
wecB,WP_071706025.1,1,CAAAACACAAAGGATGTCTTTTCTTCCCTGCGC
NA,WP_071704869.1,1,TCTCTGTCACCGTTAACAAAGGCGGAGAAGAAA
NA,WP_071704870.1,1,TTTTGGGTGTATGCTCTTCTTCTCGCGTATTTA
NA,WP_071704871.1,1,ATTTCCCTGCACCGTTTGGGCACATTGGAGAAT
NA,WP_071704872.1,1,AAACGCATCGCACAGGATGCGAATACGCCCTGG
NA,WP_071704873.1,1,GAGGATATACTGACTCTTTTTTTTGTAGGAGGT
NA,WP_071704874.1,1,GGTGTTGATTTAGAGGAGTTTCGTCGCAATCAG
NA,WP_071704875.1,1,GAAAAGATTTTGGAAAATACGTATCGAAACGTC
NA,WP_071704876.1,1,GGTCCGAGGGGAGCCTATTTGATGGGGTCGGAC
NA,WP_071704877.1,1,GGCGAAGACGGAAGCCGCCAGACGGGCATTGTT
NA,WP_071704878.1,1,TTGCTGCAAGAAGCGGGCGCCTATACCTATGAA
NA,WP_071704879.1,1,TACTTTAATGCAGACGGTGCTCGAAACATCAGC
NA,WP_071704880.1,1,GCGATGGGCGCGGCAGCATCCTCTTTCGGCGGG
NA,WP_071704881.1,1,GCGCTCCAACAACAACCCTTTGCGGAAAGAAAA
NA,WP_071704882.1,1,CACGACGGAAAGTATGACATTCGCGTGCTGCAT
NA,WP_157885014.1,1,GTGAACACCTCTCTCGGTTTCCGCATACGGGGC
NA,WP_147659351.1,1,TTAAGTCCGCAACGCCAAAAGCTGATTACCCCG
NA,WP_071704885.1,1,GGCACACGTGTGGCACAGCTATTTCACGCGTTT
NA,WP_071704886.1,1,GTGTTGCGCGGATCTCATCCGGCAAGAGCGCTC
NA,WP_071704887.1,1,CGCGCAGCGAAAAGATTGGAACAGTCGACGGAC
murA,WP_071704888.1,1,GCGGGTACCTCGACGATTACGGTGCAGGGCGTA
upp,WP_071704889.1,1,GATCCCGATACGCATCTTCCAGTACAGTATTAT
NA,WP_083428118.1,1,GCGTGTGATATTGGCGTGGAATCCACGGTGGTG
NA,WP_172619970.1,1,ACGCGTTTTCGCTCCTATCCGGTGTTGGATGGG
ftsH,WP_071704891.1,1,CCGGGACGATTTGATCGCCAAATTCGGGTAGAA
NA,WP_071704892.1,1,TACTTCTCGCTTAATACGAACATTGACGCCGTT
NA,WP_083428119.1,1,GCAGTCTTGCAACGCATACGCTTTTTCTCACCG
NA,WP_071704894.1,1,ACGGAAACGACAAATGGCGCGTTGACCACCGAG
NA,WP_071704895.1,1,GAGGAGCTCTGTGAATTGGCACTGGATACGACC
NA,WP_071704896.1,1,ATCGGCGACATCTGCATGAACGGCTTCGACATG
NA,WP_071704897.1,1,TATGCATTGTATGTATTTTTTGAAACGGCTTAT
NA,WP_071704898.1,1,CCCATCGACAAGGTCACCTTCGGTGCGGCTTCG
NA,WP_083428121.1,1,ATGCAGGGGTGGGAGCGAACGGCTTTGTTGGTT
NA,WP_071704899.1,1,GCTATCAACGACGAAAAGCCGATTGAGATGCAT
NA,WP_071704900.1,1,TCCCGTGGCGATCAGCTGGCGGAATACATGCAG
NA,WP_071704901.1,1,CTGTCCAATCATCGCGTGACTCCGTGGGAAGAG
nhaC,WP_071704902.1,1,ATCATCGCGGTTTGCTTACTGCGGATCCCGGGA
NA,WP_071704903.1,1,GTGCACATCGATCTGCTCTCCGACCAGACCTCC
hutI,WP_071704904.1,1,GAAGAAAAGCTTGCCGAATTCGTTGACGTCTTC
ftcD,WP_071704905.1,1,GAAAAGATCAAAGAAGACGGATGGGAGCCGGAT
NA,WP_071704906.1,1,CACGGCTGTAACTCCCTCATCGCGACGAAGCTG
NA,WP_071704907.1,1,GCCGCGATTCAAAAAGAATACAAGAATGCGGCG
NA,WP_071704908.1,1,TTTACCAACAATGAGAAAGAAGCAAAAACGTCG
NA,WP_071704909.1,1,ATCGTCGGCGTAGGGGCCTGCAAAAAACCGGAA
NA,WP_083428122.1,1,TTCTACACGAAGGAAGGCTGGTACGATCTCGAG
NA,WP_071704910.1,1,AAAGGCAAGAGAGAATTTGTCGATGCGAAGGAT
NA,WP_071704911.1,1,TTCAATGAAGTCGTGGGAAGCCTTTCCGCCGCC
NA,WP_071704912.1,1,AATTGCGTCACGTTCAATTCCAACTATCTCAAG
NA,WP_071704913.1,1,TACAAAGAGGTGTCGGAAAAAAACATCCTGGAG
NA,WP_071704914.1,1,TATGAGGAGATAAAAAAGAAAAATGTCGAAATT
NA,WP_071704915.1,1,GCAAAGGGGGAGACAGTGATTGCTCCCAACAAA
NA,WP_147659352.1,1,GATGCCTTAGCAGAGGCCGGAAGCACGACCAAC
NA,WP_071704917.1,1,GGAAGCAACGTCAACTTACCGGTTAATGTGTCA
NA,WP_232009053.1,1,ATGCGCATCGTGCGTCCGGGAAGCGTTGGACAG
NA,WP_071704919.1,1,CCTCTTCTACGCCGTTTAATCCGCTTGTTGCCG
glmL,WP_071704920.1,1,ACGCCAGATGCCGTTTTGCAAGCGGCACGCCTG
NA,WP_071704921.1,1,ATGAAAGATGCGTTGCGCGCCCGTTTTGCGTAT
hutH,WP_071704922.1,1,ATTCGCAACCTGACCGAAGGCTCGACCTACCTG
NA,WP_071704923.1,1,GTTGTGACGCTCGTCGTCTATTTGGTTCTGTAT
NA,WP_071704924.1,1,GGCTATTTTATCGATAACCTGTTTTCCTATTCG
NA,WP_071704925.1,1,GATTTTCGGGAAGTCAATATCTTTTTGCGCGGC
NA,WP_071704926.1,1,TTGTTGTGCGAAGAAACCGGGGAAGAGCCGGAA
cysK,WP_071704927.1,1,GGCCCGGAAATTGCGAAGGCATTGCCCGATGCT
NA,WP_083428124.1,1,TTCGGATCCCATCTTCCGCAGGTCACGCCGAAT
NA,WP_071704929.1,1,GAGGATTCGAAAACGGCCAAAAGTAAGTCCGGC
NA,WP_071704930.1,1,GTGCGCGATTTCGTGCCGTTTACGCTGCTCAAC
NA,WP_071704931.1,1,TATACCGAGCATGAGGAAGATTCTGCCTTTCCC
NA,WP_071704932.1,1,CGAAACGGCATAAAATTGCAGCAAGCGGCACAG
NA,WP_157885015.1,1,GTAAACGGTGCAGCGTTTTTGCCCATCATCGCA
NA,WP_071704933.1,1,TGCGGCCAGGAGCTATGGATGCGCCGAAGCGAA
NA,WP_071704934.1,1,GGCATACATACCACCGGCACAGTGGAAAAAGCA
NA,WP_071704935.1,1,CCGAGAACCGAAGTATTCGCCATTGATGTCAAT
NA,WP_071704936.1,1,GGCGTGGTGATGATTTTTGTCGAGAGCTGGAAT
NA,WP_071706031.1,1,CAGCTCGGCTGCAATAAGCTGGCGCTGGGGCAT
rlmH,WP_071704937.1,1,GGAAAACAGCAGGACAGCGTTTCATTTGCAACG
NA,WP_071704938.1,1,TCGTACATGATGAATGCGATGCGCGGAGCGGAT
NA,WP_071704939.1,1,CCGTTTCCGCTAATGCTGGTAATCGCTGTAGTA
NA,WP_162272147.1,1,GTCGAAAATTTAACCACAGAGAAAATTGACGGC
NA,WP_071704940.1,1,AAGCCTATCGGCGGTGCAGTTGACTTGTACGCT
NA,WP_071704941.1,1,AATTTCTTCCCGCTGCTCCGAGAAGGAGAATTT
NA,WP_157885016.1,1,GTAACAGAGTTATGGTCAAATCAGCATAAAATG
NA,WP_071704942.1,1,TCCGTATATCGAAGCATTGTTGCGCTAATTGAA
NA,WP_083428128.1,1,GATCTGCAAGTCGCCTTTATCGGAAAAGTTGGT
NA,WP_071704943.1,1,GATGTCACGGTAGCCAATAGCTACAAATTTAAT
NA,WP_071704944.1,1,ATCTTAAAGCGTTTAACGGATGGGGAAAACAAG
NA,WP_071704945.1,1,TTTACAAAAGGAGCGCCGGACATTGTTATCAAC
purE,WP_071704946.1,1,ATCGGCATTCCCTGCACATCGCAGGCCCTGGAC
NA,WP_071704947.1,1,TTTTCCCTGAAGGATGATGACCTGCATGATCCG
NA,WP_071704948.1,1,CTCTGGACGTATTACGGCTATGCCAATTCCTCT
purM,WP_083428129.1,1,GACAAAAACAACGTCAAGGAAGGAGATCAGCTT
purN,WP_071704949.1,1,CAAGTGGGAAACGAGGCACCATCGCTGGCCTCT
purB,WP_071704950.1,1,CGCAAAATCGATTCCTTCTTCCTCTCCGCTTTA
NA,WP_071706035.1,1,TCCCTGGATGCCCTGGGCGATATTGTCACCGAG
purD,WP_071704951.1,1,GATCATAAACGCGCTTACGACGGGGACAAGGGC
NA,WP_071704952.1,1,TTTACGGATTTCGCGCGCGACTTGCGTAACGCA
NA,WP_071704953.1,1,GCCATTGGCGGCCATGACCTGGACAAGGTAGTG
NA,WP_071704954.1,1,ATCTATGACATGCTCGACAGCAAGCTCAATCCG
NA,WP_071704955.1,1,ATGATGATCACTATGTACGTCGTGAATTTTTCC
NA,WP_071704956.1,1,GCGCAACAGCTTAACGGCGTGCTTTCCGCCATC
NA,WP_071704957.1,1,AAAAAATATTCCCCTGCGCCCGATGTCGAGGAA
NA,WP_071704958.1,1,CTGTTGCCGCGGATTGAGGAAGAAACCAAAGTG
NA,WP_162272148.1,1,GCGCAGCAGGGGCAGGCCTATACAAAGGACCCG
NA,WP_071704959.1,1,CGTCAGCCGACGGTGGATGAGGTGGCGGAACGG
NA,WP_071704960.1,1,GTGATTCGGATCCGTTTTCGAGAAGAGAGCGAC
NA,WP_071704961.1,1,GATTATCTGGATTCGACCGGCCTCGGCGCCTTA
gyrA,WP_071704962.1,1,ATTTTCCTGAAGCGCTTCGGTCTGGATGATCTG
gyrB,WP_071704963.1,1,CGGGAAGGCTTGACAGCCATCGTCAGTGTGAAA
recF,WP_071704964.1,1,CAGGAACTGGTTTCTTCGGCGGTTCCGTTGGTG
dnaN,WP_071704965.1,1,CATCAGGAAGTGTTTGAAGAATCGATGATCGTT
dnaA,WP_071704966.1,1,ATTGATGTGCTTCTCATTGATGATATCCAGTTC
rpmH,WP_066925356.1,1,TCCACAAAAACCGGACGTCGTGTGTTAAAAGCA
rnpA,WP_071704967.1,1,GTGATTTTGCCGAAGCCATCGGCAAAAACGTGT
yidD,WP_071704968.1,1,TTGGAAGCATTTACGCGCTTTCGTTTTTCAACG
NA,WP_083428132.1,1,GTCCTGCGAGAACCGGCGAAATACATGGCTTCT
NA,WP_071704969.1,1,GCTCCTTCCGCCGAAAGCGCATCGACAGAGGAA
mnmE,WP_071704970.1,1,ATTGCCGGTCGTCCCAACGTCGGAAAATCTTCT
mnmG,WP_071704971.1,1,GGCGCAAGTACCACGCTTCCGGAAGAGGTGCAA
rsmG,WP_071704972.1,1,GATGTATCGTTGTTTCATACGCGTGCGGAAGAT
NA,WP_071704973.1,1,CCGACGATCGCACCCTATGTGAAAGAGGACGGA
NA,WP_071704974.1,1,TTAGGAATGTTGAGCATGAATGCACTGGTGGCG
NA,WP_071704975.1,1,CATGCGGGATTGAAAGAAATTCCCGTTGTGCTG
NA,WP_071704976.1,1,TCGCGTCTCTTGAACATGGAAACGGACGCCAAT
pta,WP_071706038.1,1,CTGCTCTTTGCGGATTCGGCGGTAAACATTTCG
NA,WP_071704977.1,1,AATGCCATTCGTGTTTTCGATGAAGTCCTGAAA
NA,WP_071704978.1,1,GTCTACTCCAATAAGCCGGATGCGATTGTACAC
NA,WP_071704979.1,1,GCAGCGCTGGAGTTTTTAATGGCGGCGGAAGTG
NA,WP_071704980.1,1,GTCGATGTGGATGAAGAAGGTCCGTTGGCTATG
NA,WP_197675336.1,1,GCGACGTGCGATGCGGCACTCTATAAGGATCGC
NA,WP_071704981.1,1,GCGATTCGCGACAAAATACGCCATCTTTATTTC
NA,WP_071704982.1,1,ACGGCCGTCGGTACCGGGTTGAATGCACCGAAA
NA,WP_071704983.1,1,GGCGTTGCCGATTTTCTGGATGTGGCCGAACGC
murI,WP_157885017.1,1,GTGGAAGTGATCAGCTGTGAAACTTCGGATTTG
NA,WP_071704984.1,1,AAAACGGCTAAGATTGCTGTACAGGGCTTCGGC
NA,WP_232009028.1,1,GAGCAGGAAAAAAAGCAGGTTCTTCTGCGCATT
NA,WP_083428135.1,1,CTGTTGGGCAATCCGGTCATCCTCGAAACGGTG
NA,WP_147659353.1,1,ACAAATGGAAAGGGCGGCAAGCCGGTTGCGTTT
NA,WP_071704986.1,1,AAACCGACCCCCGTTCCGGTTCAGCCGAAAGGT
NA,WP_147659354.1,1,GGCGGACAAACCGATGTCGATCTGGTTTCGGGC
NA,WP_071704988.1,1,AAGTTCTATGTCCACAATTTCAAGGAAATTTTG
NA,WP_083428137.1,1,TTGGAGGGGACGTCCCTGCCCATTGGCGGGACG
NA,WP_071704989.1,1,GATGAAACTTTCTGGATTTGGAAACCGTTTGAA
NA,WP_071704990.1,1,CGTCAAAAGGAACAGTATTCTTCTATAGATGTA
NA,WP_071704991.1,1,CGGTTGATCAATGAAGTTGCAGAAAGACAATTT
NA,WP_071704992.1,1,GATATTTTAGAGATTGTTGCCAAGTCATTCGCC
sdaAA,WP_071704993.1,1,GCCGCGGGCTTCGGCATTGTGATCGCCAAGAAC
sdaAB,WP_071704994.1,1,AAGGACGGCCGGGAAGGTGTCGTCATGGGGGCA
NA,WP_071704995.1,1,CAAACCTTCACCATCCTGGGCATTCTTTGGAAA
NA,WP_157885020.1,1,GTGGAGCCGCCTTCGGCGGCGTTTATCAACCGC
NA,WP_066925269.1,1,CACAATTTCATGCGCGTGATGATCGGCAATTAC
NA,WP_071704996.1,1,ATGAAAGCCCACGACGTCTTCCCGGCCATCTGC
NA,WP_071704997.1,1,TTAAATACGGAGCCGTATTTCACATTACATCGG
NA,WP_083428139.1,1,CAGGTGCGCTATTGCCTGCAAAAAAAGGTGCGC
NA,WP_071704998.1,1,CTCTCTCGCCTGCCCAAGCGCACCTTCTACGTG
NA,WP_071704999.1,1,TGGCTGATTGCGGATGAAGTCTACCGCGAGTTT
NA,WP_071705001.1,1,TCGACGCAAGTGCCTGGGAAATGGACATATATC
NA,WP_071705002.1,1,ATTGGAGCTTTGGCCGCTTGGACACCATCGGAG
NA,WP_071705004.1,1,TTGGAAGGTGTCGTGCTTCGGCAAGGGACGCTG
NA,WP_071705005.1,1,CGCACGACCAACGTCCATTTGCCGATGGTGCGC
NA,WP_197675337.1,1,CCGGTGAAGCACAATATCACGTGCTACGGCTAC
NA,WP_071705006.1,1,TCTCTGTGGAAACCGAAAAGTCTGGGGATGGGG
NA,WP_071705008.1,1,GGTATGCAACAGAAAATTCATATCATTGCCGCT
NA,WP_071705009.1,1,CTTTCCTTGGGCGGCGGGGAGCATGGGAAAGCG
NA,WP_071705010.1,1,GACTTTAAGCTGCTGGATCGCAAGGTGGTTGAC
gpmI,WP_071705011.1,1,AGTGTAATCTTCTACAATTTCCGCGGCGATCGT
NA,WP_071705012.1,1,ATGGCTGCAAAGGCCTTGAAAAAGCTGGAAGGC
NA,WP_071705013.1,1,CTGATTTTTTATCCGAGTGTTTTCTATGAAACA
fni,WP_071705014.1,1,GCCTTTCCCGGAAAAGTGATTGTTAAGGAAGTG
NA,WP_071705015.1,1,GATTACCTTTTTGTGGATATGCCCCCGGGCACG
tkt,WP_071705016.1,1,AAATTGCCGGAAAACTGGGCGGAGCAGCTGCCC
sufC,WP_071705017.1,1,GCCCTGTCTATGGCACCGGAATACGCGGAACGC
sufB,WP_197675338.1,1,CTGGTGGAAGAGGGCGGCTCGGTGCATTTCATC
NA,WP_071705018.1,1,ATCAGCAATCAAAGCGTGTCTTTTACGGTGGCG
NA,WP_071705019.1,1,CACAGCCCCGTGAATGTGACGGATTGGGACTGC
NA,WP_071705020.1,1,TGCGAATTGTTGGAAGGAAAATCCGTAGAGGAA
NA,WP_157885021.1,1,GAGGACAAGGAGGAATTGCTTTTCTACGCCGGA
NA,WP_071705022.1,1,TCGACGGTCTTTGGAGTCGTGTTCAATTTTAAT
NA,WP_071705023.1,1,AAGCCTAAGCTGACATCGATTGATACCAAACGC
NA,WP_097677414.1,1,GTCTATAACGTCATCTCCAACATTCCGTTTACG
NA,WP_071705024.1,1,ATCTGTGATGAGCCGACCACGGCTTTGGACGTG
NA,WP_232009029.1,1,GAGTTTTCCGGCGGTCAGCGTCAACGTATCGGT
raiA,WP_071705025.1,1,AAAACGAAGCTGGAGCGCCGTCGTTACGTAAAG
NA,WP_071705026.1,1,ATCTTCACCCTGAGCCCGGCAGGCCTTGCCGAT
NA,WP_071705027.1,1,ATTCCGGTCGTCTTCGATGCGGCTCGCTGGGCG
NA,WP_147659357.1,1,TGGTGGTTTGCCGAAATCGCGCTTCCACCACCA
secA,WP_071705029.1,1,CTCAAGAAAGTCGGCATCAAACATCATGTTTTG
prfB,WP_097677415.1,2,GCCTACGGCTATTGCAAAGGCGAAAAGGGCGTG
NA,WP_071705031.1,1,GAACCCGTGTTCGTTTTTATGCCGGCAGAGCGC
NA,WP_071705032.1,1,ACCGTCACCATAAAAGAAGATCGCATCACCGAC
NA,WP_097677427.1,1,AATGCGCCCCATCTTGCCGCCATCGTCGGCGGA
NA,WP_147659358.1,1,GCGGCTTCGGCGATGGTGGTGGTTTGCCAAAAT
NA,WP_071705035.1,1,AAACAGCATCTGTCGAGAAAACGGCTGCTCCGC
NA,WP_071705036.1,1,TCCAAGGTGCAGGTAGGCGATAAGGCTGTTGCC
NA,WP_197675339.1,1,GGCGCGAAGGAAGTGGCCGCCGGCACAATTGAC
rpmE,WP_071705037.1,1,GTAGACGTTTGTTCGGCGTGCCATCCGTTTTAC
prmC,WP_071705038.1,1,CGCCTTCTGTCATCGAGAGGGGGCATCCACGCG
prfA,WP_071705039.1,1,CATCGCGTACAGCGCGTGCCCGAGACGGAGTCA
NA,WP_071705040.1,1,GCCTATTTGGCGGTTTGGTGTGCTGTCGCGGTC
fba,WP_071705041.1,1,GGTGTGGTCGGCATGGGCGAGATCGCGGATCCC
NA,WP_071705042.1,1,CTTAAGGACGCGAAAGAGAATTTGGCGAATGCA
NA,WP_071705043.1,1,TTGGTGTTGCGCATCTTGGCAGACGGCAAGGTG
rlmD,WP_157885022.1,1,GAGCGCACCTGGACGGCACTCGATACGACGGAA
NA,WP_071705045.1,1,AAAACCTACACCGTTGATTTTCTGACCAAGAAG
NA,WP_083428143.1,1,GAAGAATGGCTGAAACAGGCGCATGAGCTGCGT
NA,WP_083428144.1,1,TTCAAGCGTCATAAAAACAACGGTGAGAAAAAT
NA,WP_071705047.1,1,CTCTATGCGCAAGGGATTCTTGCGGAATGCGAA
NA,WP_071705048.1,1,AACACGAACAGCTTTGAAGGCGAAAGCGGCCTT
NA,WP_071705049.1,1,TTTCTGCTCGTAGGCATCGGACACATGATTGAT
NA,WP_071705050.1,1,GATGCGATTCGTGAACGTCGATGCAAGGAGTGC
NA,WP_071705051.1,1,AATACCATCACCACCTCGGTATCGTACAAAAAA
NA,WP_071705052.1,1,CAGGCAAGGCTTCCGGAACTCAAAGACGGCATC
NA,WP_232009030.1,1,GAAGCCGAGTCCAGCTATGATCCGAGAACCTAC
NA,WP_071705053.1,1,ATTGCGGCGGCACTGGGACCTTTGCTCATCGTC
NA,WP_071705054.1,1,ATTGGCCTGCTTCTGGATATGTGGACAGAAAAA
NA,WP_071705055.1,1,GAGATCTTCGAAAACGTGGCCTACATCATGGCA
NA,WP_071705056.1,1,CTCGTGGAAAACTCCAATGCTGCAGAATCCGTC
NA,WP_071705057.1,1,TGGAATGTGGAACTTTACACCGACAAGAAAGAG
NA,WP_071705058.1,1,ACCAGAGAAAATGCCAACCTGCTGGAGGTGACC
NA,WP_071705059.1,1,CGAACCGATATGGCGGTGACGATTCGCTGGTGC
NA,WP_071706053.1,1,GCCGGAGTCAAAAACGCACCCGTGGCCATTCTC
NA,WP_071705060.1,1,CGCGTGAGTGTGGAACTCTTGCAGGATTCGGCC
NA,WP_232009031.1,1,GCTTTTGGCGATCACGGAGAGATGGAGCGAGCC
NA,WP_071705061.1,1,GTGCTGGAACATCCCGGCACCATCAAGGATCCA
NA,WP_071706055.1,1,GTTGGCATGGATAAGGTCAAGGCCGCCTGTGAG
NA,WP_071705062.1,1,GGCAGAAGCGACCTGGAAGAACACGGAAACGAC
NA,WP_071705063.1,1,AGACGCTTCGGCATCACAGAGTTCACCATCTCT
NA,WP_071705064.1,1,GAGCGGGGCTACTATGAGCTGGTATTGTTCATC
NA,WP_197675340.1,1,GGCACCGTGATTGGCATTGACGATATGGGTTCC
NA,WP_071705066.1,1,CATGCGCTCGATATTAGCGCAACACCAATCAAA
NA,WP_071705067.1,1,AATCATCCGCCGCTGGTCTTTGAAAACCACCCG
NA,WP_071705068.1,1,AACGATGACCTCTCCGATAAAGAAGCCTACGCC
metK,WP_071705069.1,1,CAAAAGGATCTTAGTAAGTTTGCTGAGGAAATC
NA,WP_071705070.1,1,TGTGAACATCTCGTCTCGCCCAGGCTTCTTGAA
NA,WP_071705071.1,1,CTCTGCGAGGAGTGCCTGAAGGAACACCGCTAT
NA,WP_071705072.1,1,AAAATTTATATTCGGTATCCTAATAGCACAAAA
NA,WP_071705073.1,1,AATATTCTTCCCTACTTCAAAGGTGTAAATGAA
NA,WP_071705074.1,1,GAGCGCTACCGTCAAGCCCGGGAATACATGGAC
NA,WP_071705075.1,1,ATGAAAGCCGATGAGCACCTGAAGATGCCGGAA
NA,WP_071706056.1,1,GTGGAACTAAAGGCACCTGGCAAGAAACCTCGT
NA,WP_071705076.1,1,TACGCCTTTGTTATGAAGCGCCGGGATATGAAA
NA,WP_071705077.1,1,CACCTACTGTTTCCGCAGTTTATGTCTGAGAAA
NA,WP_071705078.1,1,GAAATGGAATCGTTCATCAAAACGCTGGTATCC
NA,WP_071705079.1,1,TTCTATGGCGCCAACCGCACTGGACGCTGGGCA
NA,WP_071705080.1,1,TATGTCTACAACCGCGAGGAAGAAAGACGCAAA
NA,WP_071705081.1,1,CCGGACGACGAAGCTTACCAGAATAGCTACTTC
NA,WP_071705082.1,1,AAGACGCTCTACGACTGGGCGGAGAAGGAGCTC
NA,WP_071705083.1,1,GCGCTCAAGCTGGAAGATGTCCGCAAGGTGCTG
NA,WP_071705084.1,1,ACCCTGTCCGATTACGTCTCGGACCATACCCCA
NA,WP_197675341.1,1,GGTAAATTATATATTGATGGTGACGTCATAGAG
NA,WP_071705085.1,1,AAGATCGCTGTCAAGAATGATTTTCTGACAGTA
NA,WP_071705086.1,1,GGAGAAAAGGCGGTCCAAGAACTGCCCTCCAAC
NA,WP_071705087.1,1,CTCGGAAAAGGAGCCAATATCACGACGAATGTT
NA,WP_071705089.1,1,AATTTGCTAATTGCAACTATCACTCCTTATCGA
NA,WP_071705090.1,1,TACATATCCTTTGCATTAGCCCACCATGCAAAA
NA,WP_071705092.1,1,TCAGAACACTGTGGTATTTGGGACGCTACCGCA
NA,WP_071705093.1,1,AAAAATGATTTGCTGATCACCTATCACACGCCT
NA,WP_071705094.1,1,TTGTATTTGACAATCCGTCGAGAAAATGTCGAA
NA,WP_071705095.1,1,AGTGGAGATCTTTCAATGGAACGAACCGTATTT
NA,WP_083428147.1,1,CAGGGTGTTCCGCGAAAAGTGCGCATTCAACGT
NA,WP_071705096.1,1,CTCGCGAAGGTGTCAAATGAAAAGCGTATTCCG
NA,WP_071705097.1,1,GCTCGCTCCACCGATGGCCTGGAGCAGACGATT
NA,WP_147659361.1,1,TTTCTAACCGTAATGCCTTCGGCTGCCTCATCT
NA,WP_097677417.1,1,TTAAAAAATTATATGGGTGTGAATGTTTGCATT
NA,WP_047200423.1,1,GCATCTTTTCTGCAAAAAGAAGTTACCATCGGA
NA,WP_004830073.1,1,AAGTCAAAAAACTTAACTTCAGAAGTAAAAGAT
NA,WP_047200422.1,1,GCCAATGCTCTGATTGAACAGTATCACATAAGC
NA,WP_009346332.1,1,CTGAATCGGTATGGGGTAAAGTTTTCAGTGATG
NA,WP_050201756.1,1,ATGAATCCCATTGATAGACTGTTTGAAGCATTG
NA,WP_047200386.1,1,GGTGAAAAGGCAGAAACAGCAAAAGCATTTGAA
NA,WP_000394211.1,1,CTTGGAGCGTGGGGCGTAATTAACCTGATGGAA
ltrA,WP_232009033.1,1,TGGCTGAAGGACAGACTGGGGCTGGATATCAGT
NA,WP_000466901.1,1,ATCTCCGGAGATCAGATTGTAACGATGGTAGAA
NA,WP_047200385.1,1,CACAATGATTTTTGTCTAATGCAGGAAAGATAT
NA,WP_047200384.1,1,TTCATCACTCTTTTTGAAAAGGACGGACTTAGC
NA,WP_071705098.1,1,CAGGGCTTAATCAGTGTACTTCCTCTTGGGGTA
NA,WP_071705099.1,1,TCAAAGGAAGTCATATTAAGAAAAGCAAAGAGA
NA,WP_047200382.1,1,GAAATTATTGCCATTTGCAGAAAGAACAACATT
NA,WP_047200381.1,1,GATGATATTTCCAAAATGGAAAAGGAATCTAAG
NA,WP_047200380.1,1,CTTGATTATGCTCAAAGTCTTTACGAAAAGAAA
NA,WP_047200379.1,1,CAAAATGGAGATTATGTTACTTTTGTAGTTCAT
NA,WP_232009034.1,1,GATGCAATATTTAGAGTTGAAAACAAGGATAGA
NA,WP_047200378.1,1,CCTGCAACCGATGATGTAAAGAACTTCTCATAC
NA,WP_000384989.1,1,GTAGCGAACTTTTCCGTTGTATCCAAAGACGAT
NA,WP_047200377.1,1,CCAAAAGATAAGCAGAGATTTACAAGGGCTAAG
NA,WP_071705101.1,1,TCCTATGCCGAAGTAAAATATGAAAAACTATTG
NA,WP_000155678.1,1,TATGATTATTTTGAAGAATTCAAGCTTGTAATT
NA,WP_000797113.1,1,GCGGACTTTATTTGCCAATCAGGAAATTTCAAA
NA,WP_047200375.1,1,GGTTTCACTATTGCACTTTCTGTTACATTGCGA
NA,WP_000569061.1,1,AATCTTTCTGAAATCAAAACAAATACCAATGAT
NA,WP_047200374.1,1,ATTGCTCCGCTTATTCAGGCATTGCGATATACA
NA,WP_009346315.1,1,ACGACTGTGGAGCTTGCAGGAAGTACGGCTGCC
NA,WP_047200373.1,1,GGGTTTTTCAGGCTGTTCCGCTTGTTTATGAAA
NA,WP_017646121.1,1,AATCCGAAAAAAGTTTATGCGCAGTGGTACAGA
NA,WP_000739616.1,1,GAAGCAATCTTGTGGAAAGATTGTTCTGAAAGG
NA,WP_009346318.1,1,CTTCCTACATCCGTTATTTTGGGTGTCCTTGTA
NA,WP_000566323.1,1,TTGGAACGCATTTCAAAGGGACTTCGCCGTATT
NA,WP_009346279.1,1,GCAAAAGATTTATTACCTGAAATTTTTTCCGTG
NA,WP_050201758.1,1,CGCTCCTATGGTGCAAATTCAGGTTTATCTCAC
NA,WP_001058405.1,1,AGCGATATTGAATATAAAAAGATAAAAATTAAA
NA,WP_071706062.1,1,GAAGAAGATTTTGAAAAGGCGCAGGGGATTAGA
NA,WP_071705102.1,1,AAAAAAGAAGTTCTGACCATCGAAGTCGGTGAA
NA,WP_071705103.1,1,AACCGGGTGATCCGCAGCAAGGAAACCATCGTC
NA,WP_071705104.1,1,ATTCGTCGTTATACCGCCTTAAATCCAGAAATT
NA,WP_071705105.1,1,CAAATTTTTCACTTTGAAGAGATAGACTTAAAT
NA,WP_071705106.1,1,ACTGGTAATTTCCCGGATTTCAATTCACATACT
NA,WP_071705107.1,1,CTTTTGATTTTGGATGAACCAACAAATGGTCTT
NA,WP_019189667.1,1,TTGTTAGGAACAGCTTTCGGATACTTTGATTTT
NA,WP_071705108.1,1,TTTTTTGTGGAGGCGATGCTTCATTTCAACGAT
NA,WP_071706063.1,1,GATGAAAATGTTCATATTCTCCATGATCAGGTG
NA,WP_071705109.1,1,CATAAAGAAAATCAGACTATCGTTGAATGGTAT
NA,WP_197675343.1,1,TCCATGCCGGATTCCGGGATTATGCTGGAGCTG
NA,WP_197675344.1,1,GCACAGATGGTTTTCTGCGGAGACTGCGGTGAA
NA,WP_071705111.1,1,TTAGGTGCCTTTGATCCTTATCAAAAAGAATTG
NA,WP_071705112.1,1,AAGATGAGTAAGGAGGAAAAGAAGCAGGCTTTC
NA,WP_147659362.1,1,TTTTTTGCCACGATTTGCATAGTTCTGTGGTCC
NA,WP_071705114.1,1,AAGGTGAAGCGCCTGATCGCATTCCGCGACAAG
NA,WP_197675345.1,1,TCCGTGTTACCTCAGCATAAGACAGACGCTATT
NA,WP_232009054.1,1,CTTCCGATGATAGGAGCGACTGTGATAGCGTTT
NA,WP_071705115.1,1,TTTAGTGCGGTTCCGGAAAAGATGATTATGGTA
NA,WP_019190642.1,1,AGTGTTGAGTTTTTCTATGCACATAAAGATATC
NA,WP_019190641.1,1,GGCCTTTTGATGGCTGCCATGAATTTTGTGGAC
NA,WP_019190640.1,1,GCCCAGATTGATTCCGCCGGTTCATCTATGGCT
NA,WP_019134606.1,1,GTAGGTGATTACAGCAATAAAAACCGTATTGCC
NA,WP_019190639.1,1,GCCTGTTTTCGCAAGCTTCATATGCCCAACACC
NA,WP_040942768.1,1,GCGATAGATTTTTCCGCACTTGTTCCGCACAAC
NA,WP_071705116.1,1,TCTGCGACCAACAAGCTCATAGAGAATAAAGAT
NA,WP_232009035.1,1,TATATTGCACAGATAAAAAGGAAATGTGGAATA
NA,WP_232009036.1,1,ACGAAGCATAAGAATTACAAGTTATTGGAAGAT
NA,WP_071705118.1,1,TATGAAAAAGCACTCCCAATAATTGATGAATGG
NA,WP_071705119.1,1,GGAGAAAAGGTAAAAATTGTAAAAGAATTTGAA
NA,WP_000394205.1,1,TTAGGAGCATGGGGAGTTATTAACTTGATGGAA
NA,WP_002604481.1,1,ATTGCAACCGTTATCACCGATATAGAAGCAAAG
NA,WP_002604480.1,1,TTTTATGGCTTGGGCTTTTGGACGCGAGGAAAT
NA,WP_071705121.1,1,CTTGCCATGTACGAGAAAAACGGGCAACCGCTG
NA,WP_071705122.1,1,TTGGGGGATAACCTTATCCATATCCAGCGCGGC
NA,WP_006774458.1,1,ACGCGCTGCTATGAATATGTGTTTCTGCTTACC
NA,WP_071705123.1,1,TGTTCCCTGTTCGGCGGCAACAGCGGCAGCGGC
NA,WP_071705124.1,1,ATGGTGAAAGCGGTACACCTTGACGGGGCGCAG
NA,WP_071705125.1,1,ATGGAGGACGAACAGACCGAAGCCCCCGCTTGT
NA,WP_071705126.1,1,AGCAAAGTAACCGATCACCACGCCATTTTGCCG
NA,WP_007860200.1,1,CAGCTATGCGAACAGATCACCCGCAGCGGGGAA
NA,WP_071705127.1,1,CCCTACAAGGTGAAAAAGCTGGTTGATAAAATC
NA,WP_071705128.1,1,ATGGACGAGGATATGCGCCAGCTTGCCGCCGCA
NA,WP_007709549.1,1,TTCGCGCTGCTGCTGTTTCTCCAAAAAACACGC
NA,WP_071705129.1,1,GCAAAGACGCTCGGCGCGGCATATACGGAAGAA
NA,WP_055219608.1,1,GACCTTGTAACCCGTTATCATATTTCGGTAGAT
NA,WP_003431289.1,1,CTTTTCTGCCCTAAATGCAAATTGACGCATATC
NA,WP_002584956.1,1,TTTCCAACCGACGGCATTACCATATCAACAGTT
NA,WP_055219620.1,1,TTTGATGTACTCGTCAAAAATGAACTGCTTGCC
NA,WP_003431293.1,1,AAACTTTGTACCCGAACGCTGAAAGACGACGCG
NA,WP_083428149.1,1,GTTAAAGACGGTGTAAAAGAGGACGCCGCGACA
NA,WP_157885023.1,1,CAAATGCAAAGACTTCTTTATCACGCAGCCCCC
NA,WP_083428150.1,1,ACTGTAAACTTCAAAACCCGCAAGCAATCCTAC
NA,WP_071705130.1,1,AAAATGATGAATGAAGCGGAAAGTGATGAAACA
NA,WP_022866305.1,1,CATCTCATGTATCCGCAGTTCATGGATGAGAAA
NA,WP_022866306.1,1,ACCTTCATCAAAACGCTGGTATCGGCAAGACAG
NA,WP_071705131.1,1,GGGGCCAACCGTACAGGGCGCTGGGCAGGAAGA
NA,WP_157885024.1,1,GCCTTTGCCAACGTGCTCATTGCAAGGCTTGAA
NA,WP_071705132.1,1,GACGATGAGGCGTATGCAAACAGTTATTTTGTA
NA,WP_071705133.1,1,AAAGCATCGGATCTGCTGGACTGGGCAGAGAAC
NA,WP_057002192.1,1,GAAGACGTGCGGGCCGTCTTAGCGGACATCTCC
NA,WP_162272130.1,1,ACAAGAAAACTGATTCAGACAAAGAAAGGAGGC
NA,WP_071705134.1,1,CTTCCTGCATCGGAAGCGTATTCACCGGAAGGC
NA,WP_172619973.1,1,CGCTTCAGCAAGACGTCCAAAGCTGTAGCCGGA
NA,WP_071705135.1,1,AATCCAACCATTGATGATTTTGCAGTTTTATGC
NA,WP_057001851.1,1,AGAATTGCTGGTGAGGTTGGTGGAGTTCTTGAA
NA,WP_057001852.1,1,AGGATAAGCAGTGAGGAGTTAAATGCTTTTTAT
NA,WP_057001853.1,1,GTTACAACGGACATTTTACTGAGAATTTGTGAG
NA,WP_057001854.1,1,AAAGACGGCGATATCTTTTCTATCGGAGATATC
NA,WP_019190583.1,1,GGCTTTACCTTCCTGCAGTTTTATATACGCTTT
NA,WP_019190582.1,1,GTTGTGCTTATAGCTAATACGCTGCACATTATG
NA,WP_157885025.1,1,AGCATGGCAAAAGATGTAGGACGGATTTTGCGG
NA,WP_071705137.1,1,AACACCTACCTTGCCGACATCGACAGGCAGGCG
tet(O),WP_071705138.1,1,GTTTTGCAGCTAAACAGTATTTTGGGGAACGAA
NA,WP_226896997.1,1,CCCCTTTATTGTCCAAAATGCAGACAAGAAAGA
NA,WP_002596252.1,1,AGCGAGGGGAAGCCTTTAGACTTTATCGCTGAT
NA,WP_019190580.1,1,AACTTGTTTTGGATGAGCTATATTCAGTGGAGC
NA,WP_071705141.1,1,TGGAATCTTTTTTGGATGGGGTATATTCAGTGG
NA,WP_071705142.1,1,ACTACAATCGGCATGTCAGGTGGTCGTGAAAAA
NA,WP_071705143.1,1,TTATTCTGGACTGGATATATCAATTGGAATATT
NA,WP_071705144.1,1,AGCAAGCCCAGACAGTTTCAAGGCATTAATGGC
NA,WP_071705145.1,1,AGATTCGTATTTCTGAAAAAACATAAAAAGGCC
NA,WP_071705146.1,1,ATTGATCATTTAAAAGCTCCTATCGACCATGAC
NA,WP_071705147.1,1,AAGGGCGCGCAAGCCACAGCGGCCGCTATTTTT
NA,WP_157885026.1,1,GACCTCATGAGCCTTTATGTTATCTATCTTCAG
NA,WP_071705149.1,1,GCCTTCATGAAGATTATGTATGTGGGCATGCAT
NA,WP_071705150.1,1,ACCTCCGCCATGGACGGCGTCAGCATGAACATC
NA,WP_232009038.1,1,ATGGGTGGTTTAAATAAAGCGCTTATGAGTGTA
NA,WP_232009039.1,1,ATGCCTGTCCAAAAACGTCCTGATGCGGAAAAT
NA,WP_071705151.1,1,TTCGGCGGTTTAAAACAACTTGAAAATGCAGCC
NA,WP_071705152.1,1,ATTGGGAACATGGAGCTTGAACCGCTGATTGCA
NA,WP_071705154.1,1,CCGTTCGCCATTAAGCGCGATGTACCGAACGAT
NA,WP_071706069.1,1,AAAAACAAAATGATTGCGTTGGGCGAAGCCTTT
NA,WP_071705155.1,1,GTAAATGAAGGAGCTGAACCAATAATAACAATC
NA,WP_071705156.1,1,CATAATACGGACGGGAAAGGCAGTACGATTACC
NA,WP_071705157.1,1,AAGAAAGGCGGGAGAATCGCACTTCGCGTTCTT
NA,WP_071705158.1,1,GAAAAAATAGATTCATTATTACTAATTCCGACT
NA,WP_071705159.1,1,ACAGCGCTTTTGGAAAAAATCAAAGAGTGGTCC
NA,WP_071705160.1,1,GGGGTGTATGCCTGGGTCAGGCATCCGGTTTAT
NA,WP_269457027.1,1,GGACTTCCCAATAAGAATTCTGCTGAAAGTAAA
NA,WP_232009040.1,1,GAAACGTTAAATGCCTTTGACCTTATCGTTATT
NA,WP_071705163.1,1,CACTATGCAAAGAAGGGCGATCTGCTGTATCCT
NA,WP_071705164.1,1,TTCGATGCGTTTAAAAAAAGATACAGACAGGAA
NA,WP_071705165.1,1,AATATACTGACTACCTGCTCTCGCGCTTGTGCC
NA,WP_083428152.1,1,GGCGAGGCACTGCTATTTGCCTTGGACGGCGAA
NA,WP_071705166.1,1,TTCATTGGCAGTTCCGGCTTGAAAGGCGTCGAG
NA,WP_071705167.1,1,GCCTATAGAGGTGAGGGGGCTTCTTATTATCAT
NA,WP_071705168.1,1,CTTTTTGCAGCCGCCAGCTCAGGAATTATCGAG
NA,WP_071705169.1,1,GCACTGGCAAAAATCGGGCTAACCGTTTTACCG
NA,WP_071705170.1,1,CTTGCAAAGCACTATTCTTTGGGCATGAAACAG
NA,WP_071705171.1,1,CTGTTTCGTATCATGGCAATTTTACGGAGAAGT
NA,WP_071705172.1,1,GTAAATTGGATCGCAGGGGTTTCCCATGATATT
NA,WP_071705173.1,1,CTGTATGCACTGTCTCATTGTCCCGTGGAAGTC
NA,WP_071705174.1,1,AACCTGCAGCTGGCACGCGCCAAGGAAGCGAAA
NA,WP_071705175.1,1,TCTGCGCTTTGTGAAGCATACAATTCGCATGTG
NA,WP_071705176.1,1,CTGGATACGAACGAAACCGTATTGGATTATTCG
NA,WP_071705177.1,1,ATCGTTTCCGATGAGGTACATGCCGATTTTATC
xylA,WP_071705179.1,1,AGCAAGGGCTATGACGGCGATTTTTACATCGAG
xylB,WP_071705180.1,1,TCGGTCGGGGTTGTTGAAGAAGGGGATTGCAAT
NA,WP_071705181.1,1,ATCACGTATTGTGATCCGGATACGCAGATGCTT
NA,WP_071706070.1,1,GATCTATGGGACAATTTCCAATCGAAGAGTCGG
NA,WP_071705182.1,1,TATAGAAGCATTGTGAAGAGTTTACATCCGGAT
NA,WP_071705183.1,1,GAGCCGAACAATCCGCATGACCCGCAAGCGATC
NA,WP_071705184.1,1,GCAACCTTGAAGCCCCAAAACATCAATTTTGTT
NA,WP_071705185.1,1,GCGATTGGATGGGTGCTGATTAAGCATCCTTGG
NA,WP_071705187.1,1,TTTTACTCCCATATTTCGCCGGTAACGAAAGAA
NA,WP_071705188.1,1,AAATTAAAGGATACGGGGAAATATGGGCTTTTC
NA,WP_162272149.1,1,AAATATTCCGGAACGGATGAAAACGGCATAACG
NA,WP_071705190.1,1,GGCATTGAACAGGCCAAGGGCCTTTTTGCCGCG
NA,WP_071705191.1,1,AAAAACCAAGCGACGCAAAAAGAAATGTATACC
NA,WP_071705192.1,1,GTATTTGACAAGAAACTGTGGCTTGAAAAGTGG
NA,WP_071705193.1,1,ATCGGCGGCCTCAACCATCCTGATGCATCGAAT
NA,WP_071705194.1,1,GGAAACGAGACCATCGGGGAAGATACATGGGCT
NA,WP_071706071.1,1,TATATTCTTCTCACGCCCTATTGGGGGAAGGGC
rho,WP_232009041.1,1,CGGCTGCGTTTGGAAACCGTTCCGGAAGGAATT
NA,WP_071705196.1,1,GGCGGCAAGGCACTGGATAAGCTGGTGGAGCAG
NA,WP_071705197.1,1,GTACTGCTTCACCGTGATGAAATCCGCGTACAG
NA,WP_071705198.1,1,CGCATTCTTTTTCATACCGATGCGGTGCAGGCG
mnmA,WP_071705199.1,1,GTCTCTTTTCTTTCCCGCTATACAGGAAAAATC
nagB,WP_071705200.1,1,TACCGTGCCGGCGGCATTGATTTGCAGGTTTTG
NA,WP_147659366.1,1,GATTATGCGAATCGCACGTTAGAAAAAATAAAA
NA,WP_071705203.1,1,AAATACGGCGCCTACGTACAGGCCGTCCTAAAG
NA,WP_071705204.1,1,AAAATGTTCGCTTCGGATACGGCAATGTGGGTC
NA,WP_071705205.1,1,CAGGATCTGTACTGGCGTGATGAGGGATTCTTT
NA,WP_162272150.1,1,GATTGCGGAAACTTTTCCAATCCGGAGGCGACC
NA,WP_071705207.1,1,GTGCGAGATTACACGAAGCGCTATTCAGAGCTG
NA,WP_071706072.1,1,GCGGCGTGGTTTGCGCATCGCAAGAAGGGACTT
NA,WP_071706073.1,1,AACGTCGACGAGACCATCGACACGCTGGGGCTG
NA,WP_071705208.1,1,CCGCTCCGTTTTCTGCGCCATGAATTGGGACGC
NA,WP_071705209.1,1,TCCATTTCCCAACGGCAGGGCGAGTTGGCGCTC
NA,WP_071705210.1,1,GTGCTTTTGACGATTTACTTGGTGCTTTATGTT
NA,WP_071705211.1,1,ATCATCGCCGACTACGACGAAGAGGAAATGCAG
NA,WP_071705212.1,1,CCGTTCCCCGACTTCACCGGCAAGGATCTCGAC
NA,WP_071705213.1,1,CTGGGTGAGCCATTCTTCTGCAAGTACCTGTGT
NA,WP_071705214.1,1,GCTATGCGCGGTGAGGTACAGACCGTTCTCGCC
NA,WP_071705215.1,1,CGCAGTCTCTTGCGCCGGGATTTTATTCAGCAG
NA,WP_071705216.1,1,CCAGATACAGACAAGGAGTTGACGCAGCTCATC
NA,WP_071705217.1,1,ATTTCCGCGCTGCTTGAAATGTCCAGCCCCGCC
NA,WP_071705218.1,1,ATGCAAAAGATGACCGTGCATTTTGCAGACGGC
NA,WP_232009042.1,1,GCCGGCATCGGCGGAGCAAGCCGCGCTGGGATA
NA,WP_071705220.1,1,GCACTTGGTGAACATCTCGACGTGGACAGCCGA
NA,WP_071705221.1,1,GGGCTTTCCGCCATTCTTTCTCTTCCGGGGGCC
NA,WP_071705222.1,1,CAGACGCAGGCAGATTATGTGGAGGCCGTTTTG
dnaX,WP_071705223.1,1,GATCATCTGGTGGAAACCGACGCACTTCTGCAG
NA,WP_071705224.1,1,CATGAGCTGTTAGAGCTTGTGATTGACCCGGAA
recR,WP_071705225.1,1,TATCACGTGCTGGATGGCTTGTTGTCACCCATG
NA,WP_071705226.1,1,AACATTGCCTTCGGCGGAACGCTGTATCAGGAT
alr,WP_071705227.1,1,GACGAAGAGCTCTTTGATGCGGCACGGCTAGGC
NA,WP_071705228.1,1,GGTGCCGTCTGCTACGCCACGGTCATGGGCATC
NA,WP_071705229.1,1,GATCGTGCCGGCAAGCACATCCTTTTTGAAGCG
isdE,WP_162272151.1,1,GCACCGGAAAACGGGGCGTACATTACGCGTATT
NA,WP_071705230.1,1,GTATCAGGGTTGAAGTACTTTACGGGGCAATTG
NA,WP_071705231.1,1,CTGCAATGGACAGGTGTAGAGGAACTAAGAAAA
NA,WP_071705232.1,1,CACAATTTAGTCGATGCCAAGAAGGCAGCTCTC
NA,WP_157885027.1,1,AAGCGGGGTGGAATGACACGCGGCATGAAAGCT
NA,WP_071705234.1,1,TTGGGTTCCTTTTTTCATATTGCAATGAATGGG
NA,WP_172619974.1,1,ACCACCTGGCTTTATCGCCATGGACAGGTTGGC
NA,WP_071705236.1,1,GGCAAAGCGGGTAAAGAGGCCGGAAAGAAAGCG
NA,WP_083428158.1,1,ACAGAAGCGGCCTTGAAAGAAGCCAACGCGCAT
NA,WP_197675347.1,1,ATGATTGACATCTTCTCCGGCAAAGTCACGAAC
pstC,WP_071705237.1,1,GGCTATTCCGTCTTGGCCGCGGTTATTGTGTTA
NA,WP_232009043.1,1,CTCATTACCACGTCAACAGAGGATGCCATTCGC
pstB,WP_071705238.1,1,GTCGAGCGCAGCCTTAAAGAGGCGGCGATCTGG
phoU,WP_071705239.1,1,TCGTTCGGATACCAAGAGGCGAATCTCGGAAGT
NA,WP_071705240.1,1,AGCCGAGTGAAGGCGGTGTTGCGACGCTACGGC
NA,WP_071705241.1,1,CTTTCCAAATTTGATACGGGCTATTCCGATTTC
NA,WP_071705242.1,1,GGCGTGGATACGCGCGGCGTGCGTTTTCCGGGC
NA,WP_071705243.1,1,GCGGAAAAGTACGACTGCATGACCTATGTGGAT
gltS,WP_071705244.1,1,ACCGATGCGGAAAACGTCAACGCCACCGAAAGC
NA,WP_071705245.1,1,CGCGCCGGCGCATACGGTCTGCAGGATATGCCG
NA,WP_071705246.1,1,CGTTTTGAACGGATGCACTATCGGGCAGCAAAC
pepF,WP_071705247.1,1,GAAGCGGCGACGTACATTAAAGACGGTCTTTCC
NA,WP_172619975.1,1,GAACGCGTATACACGCTTTTCCCCCGTCTGGAA
NA,WP_083428159.1,1,ATGGTCGACACCTTCCTGCGCCTGCCCAAATAT
NA,WP_071705249.1,1,TTTACCAGCCTGCTGCTGATTTTTATCTGCGTC
NA,WP_071706081.1,1,TTTGTTTCCGTCTTAAGCATGGTGGGGCTGACG
NA,WP_071705250.1,1,ATCAAAGACTCTTTCGTAAAAACAGCGGAAGAT
NA,WP_071705251.1,1,TCGCTCATAGCCCATCGCACCGCATTCGGCAAA
gctA,WP_071705252.1,1,CCGGTACCGAAGCTGGATACGGCGATCATTCAT
gctB,WP_071705253.1,1,GGTTCGGGCGGAGCAAACGGCATTGCAACGTAT
NA,WP_071705254.1,1,TTCTTCCGCGTGGACGATCCGAAGGAACCGCTA
NA,WP_269457025.1,1,AAGTTTGAAGAAGTCTGTGCCAATGCCAACCGC
hgdB,WP_071705255.1,1,GTTTCGGCGGTGAATCGCAGCGCCGTATTGAAA
NA,WP_269457026.1,1,GGGCGATTTTTGGATGTCATGGCCGGGATCTTG
NA,WP_071705256.1,1,GGCGATGGTGAAGATCAGGAAGCTCCGTTGCAG
NA,WP_071705257.1,1,AAGGAAGAACGTCGTATCAAAATGACCACGCTG
NA,WP_071705258.1,1,TCGGGTGTTGAATTCAATGCGACACAGATTCTT
NA,WP_071705259.1,1,TACGCCGAAGAGACGCGTTTCGCGGAGTTCGGC
NA,WP_071705260.1,1,GCGCTCCTGTACTTTCTCGGGATCTTCATTGCC
NA,WP_071705261.1,1,TCCCTTGATTCGTTAGCTTTCCACGTCGGCATC
NA,WP_071705262.1,1,GTTGACGTACGCGCCGAAGAACTGAAAGGCCTT
NA,WP_071705263.1,1,ACCACCTTTAATATCGGGACAACGGTGGTACTC
NA,WP_071705264.1,1,GTGCGGGAAGCCATTCGCCAATTAGGCTTTGCG
NA,WP_071705265.1,1,TGCTCTTGTGACGGCACCTGCAAAACATCCGAA
NA,WP_071705266.1,1,CTGCAAGCCAATGGCCTTGCCTGGGAGGATGTT
NA,WP_083428162.1,1,CTGGTGCTTTTCCTGTGGAATGGCGCGGCACAT
glmS,WP_071705268.1,1,GCGTATCACGTGGCCTGTGTGTCCAAGTACGTG
NA,WP_071705269.1,1,CAGACGGCGTGCGAGCAGCTGCTGTCGGCAGAT
NA,WP_083428163.1,1,AGAAGTCCGGAGAAGATGCGTATGTTACTTCGT
NA,WP_162272152.1,1,GGACCGCAAGTTCGTCTAGTCGACAAAGAAGAG
NA,WP_071705271.1,1,GTCTCTTTCATTTTTTCCATCTATGCCCTTCTC
NA,WP_071705272.1,1,TTCAAGATCAAGAATACGCTCACCGAGCACGGC
NA,WP_071705273.1,1,GAGAAGCTCAACATCATCTCTTGCCACCTGGGC
NA,WP_083428165.1,1,AATTATAAGGTCAACTATGTGGATGAAAGAGCG
NA,WP_071705274.1,1,ATTACGAATGTCGTTTCCTATATTAGTGGTCCT
NA,WP_147659369.1,1,GGGCAGAAACCGGCAAGCGCATCGGTCACTGGC
tyrS,WP_071705276.1,1,GGCGGTGTGGACCTGGTACGAAAAGCGGAGAAT
NA,WP_071705277.1,1,TTTTATCGTAAGTATCCTCTTTTTATTCCTCTG
metG,WP_071705278.1,1,CCGGCGGTGCTGATGGCCCTTGATATGCCCCTT
NA,WP_071705279.1,1,ATCCACAGCCGCGAAGCGTGCGAGGATACCTTG
rnmV,WP_071705280.1,1,GCACTCCAACGCGCACGGGCGACGCTTTGTGAA
rsmA,WP_071705281.1,1,CCAATTGAAACCATCACGGTGCTGGTGCAGAAC
NA,WP_071705282.1,1,GACGCGCGCAAATGGATGCTGGATCGCGGCTAT
NA,WP_232009058.1,1,AGCTCTCTCATGGAAAGCGTGGAGCAGGCCGCC
NA,WP_071705283.1,1,CAGGTGGCGGAGCTGGAAGCTGTTCCGGCCGGT
NA,WP_083428168.1,1,TCCGAAACACAGGAAAGATACATCGGCTATACG
NA,WP_071705284.1,1,ATTGAGAATGCATTTGAGGACGTCTTTACCGTG
ispE,WP_157885028.1,1,TTTTTCATTCGTGGTGGCACCCAGCGTGCGCAG
NA,WP_071705287.1,1,CTGGCGATGATCACAGATGCGACACTTTGCAAA
galE,WP_071705288.1,1,GAATTTTCAGCTATTCTGCTGCGCTATTTTAAT
murJ,WP_071705289.1,1,TCGGCGCTCAATTACGCCAACATGATCTTTATG
NA,WP_083428170.1,1,GGCACCACCTTTGTGCTGGTTTCCTCCATCATC
tsaE,WP_157885029.1,1,AGCCTCTATCATCTGGATCTCTACCGATTGGAG
tsaB,WP_071705291.1,1,ATGGATATTGCTGCGGCCCGTTTTGCGAGGGGA
tsaD,WP_071706087.1,1,AAAGTCTCCCGCGTTTTGGGACTGGGCTATCCC
NA,WP_071705292.1,1,AAGGCGATGGAGCGCTATCCGGAAATCAATATT
NA,WP_071705293.1,1,GTGATCGGAGGGCTTAAATTCTACGATCGCGCG
ligA,WP_071705294.1,1,ACGACGTTGGAGGCGGTGGAATGGAATGTGGGG
rdgB,WP_071705295.1,1,TATCAGGACAATGTTGATAAGCTGCTGGGTGAA
NA,WP_071705296.1,1,CATGGCCATCGCTATGGCATGCATTTTGATCGA
NA,WP_071705297.1,1,GAAGCGAAAAAAGGGTTTTTTATCTATCTTGGC
NA,WP_083428172.1,1,CGCCTGGGTTATGCGCTGGCGACGCCATCTAAC
NA,WP_147659370.1,1,GCGAAAACGTTGACCTCTCCCTTGAAGAGAGAA
NA,WP_071705299.1,1,ACTGTTGAAGAGTATGATCTCTGGTGTCAGCAG
NA,WP_071705300.1,1,GCCTTGCTCAAAGAATTTCCGGAGGTGCGCGAG
fusA,WP_071705301.1,1,AAGCCGGCCGGGATGTTCTATGAACGCGGCAAG
NA,WP_071705302.1,1,CCCGAAGAATTGGTTGCGGAGGTGCTGGATGAT
NA,WP_071705303.1,1,CAGGAGGTAGATGACTCTTCGCAGGAAGAGGAA
NA,WP_071705304.1,1,GAAGAGATGCGCTATCGCGAGGAACGCGAACGC
NA,WP_071705305.1,1,TACCTGGAAAGCGGCTATTCGGATGAATTGCGC
NA,WP_071705306.1,1,CGCTATCGGGAAAACCTTGAAAACCTGAAGACA
NA,WP_071705307.1,1,AAAATTCTGGACACGTCGGTCATTATCGACGGG
NA,WP_071705308.1,1,TCCGATACGGCCATTCTTTCCAACCTTGCTTTT
NA,WP_071705309.1,1,CTGTTGGATGTTTTCAAAAAGGCGCTGGCGCAT
NA,WP_071705310.1,1,GAAACGTTTGAATTTACCGAAATGTATCCGGCG
NA,WP_071705311.1,1,AAGTCGATTATGAGTGTGCTCAGTATGGGGGCC
cdaA,WP_071705312.1,1,CTGATCAATATTTTTATTCCCAACACACCGCTT
NA,WP_071705313.1,1,GTGGACGGAATTGATCTCTCCCTGTCCTCCGTC
NA,WP_071705314.1,1,GGAAATGCAACGTACGGCTATGAAGAACGCGAT
gltX,WP_071705315.1,1,GTGCATTTGCCGACGGTGCTCGGGGAAGACCAC
cysS,WP_071705316.1,1,AATGAAATTGCGCAAACCGAGACGCTGACGGAT
rlmB,WP_071705317.1,1,CCGAAGCGCCGTGCAGCGACGGTGACATCCATC
NA,WP_071705318.1,1,CAGGGGTTGGAATTGCTGCAGCGTAGCTTTTCA
NA,WP_071705319.1,1,TTTAGCCTTTTTGCTGGCCTTTTTGTGCTGGCA
pepT,WP_071705320.1,1,AGTGCGGAAACCTTTAATGCGGCCTCCGCGAAA
NA,WP_071705321.1,1,CGTGGATTGGCGAAAAAACTGGTGAATGCACTC
NA,WP_071705322.1,1,GTTCAGGGTAAGGGCAGCTTTGTCGCGGCGCAG
NA,WP_071705323.1,1,GCACTTGCTCTTTCTCACGGAGCAAAACTGCTT
NA,WP_071705324.1,1,GAGCAGATGTTTTCGCTGCCGTGGCATCTGATT
NA,WP_071705325.1,1,TCTCATACCGTGCATGATCCCGAAGAAAAGCGC
NA,WP_071705326.1,1,GTCAAAGGTGTGATCCATGAGGAACAAATGGAG
NA,WP_071705328.1,1,GCTTCGTTGAAGAGGATGTATGAACAGGATGCG
NA,WP_071705329.1,1,GTGCCCATTCTTCTGCAGAACAACGCCATCGCA
NA,WP_071705330.1,1,GGCGTTTCGCAGGGCATGAGTCTAGAAAAGGGA
NA,WP_071705331.1,1,AAGCTGCGGCACTTGGATCCGGCACGTTTGCAA
NA,WP_157885031.1,1,AAGAGTGCGTTCTTTGCGCGTTATGCGCGAGAG
NA,WP_071705333.1,1,GAGCTGGCGGAACGGGCGGAGGAGACGCTTTCC
NA,WP_071705334.1,1,TCTAACATGCCGGTGGCGGCACGTGAGGCGTCT
NA,WP_197675349.1,1,GATATGACCAACTATGCCGAGGCCTTGCGTGAA
NA,WP_071705335.1,1,GGGAAAGAAGCGAATATCTATCCCTATGGCTTC
NA,WP_071705336.1,1,TCAAAACCGGTGGTGGTGTTCGCGCATCATCCA
NA,WP_071705337.1,1,AACGCCGTGGAAGCGTTGGGGCTTGGAGGCGCC
NA,WP_071705338.1,1,ATCGGTCGTTTGGTGCAGGACGCGTATCTCCTG
NA,WP_071705339.1,1,CGCGAAGAAGACGAACAGTGTCGAAAAACCTAT
NA,WP_071705340.1,1,GTTCGTCCGATACCGGATGATGGATGCGGCCAC
NA,WP_071705341.1,1,GTTTCGCACCGGAGCGATCTCCCCAAAGATTCC
map,WP_071705342.1,1,GTGGATGCTGTGCGTGTGGGAAATCGTCTGGTA
NA,WP_071705343.1,1,CTCTACCCTCTTCCCGAACAAGGATATCGTTTA
NA,WP_071705344.1,1,GCGCTACTCCATAGGGGCCGAAGTCAACCGCTC
NA,WP_071705345.1,1,CGCAAACACGATTTTTCCGATGCCGAAATCATG
alsC,WP_269457028.1,1,CGTTCGGTATTTGGGTTTTCCGGTGCTTTTTCA
alsE,WP_071706089.1,1,AGTCCGGAAACGCCTTTTGATGCGATCCGTCAC
alsK,WP_071705347.1,1,TTCCGCGGGAAACATGGGGTCGCCGGAGAATTG
alsB,WP_071705348.1,1,AAAAAAGCGGCGGACTTCATCATTGGAAAAATC
rpiB,WP_071705349.1,1,CTGGCAGCCAATAAAGTTCCGGGCATTCGTGCC
NA,WP_071705350.1,1,ATGGAGTTACTCACCTATAATCCCATCGAAAAC
NA,WP_071705351.1,1,GAGCTTTTGTACGATCCCGAGCACTATGGTCTG
NA,WP_071705352.1,1,ATCGGGGCCCGCTTTGCTCCCCTTCTTGGCCTT
NA,WP_083428179.1,1,GCAAGACAGCGCGAAAATGCTGCCTTTTTGCGC
NA,WP_162272153.1,1,AGTCAAAAGGTCGTGAGTGATGCGCAGCACAAA
NA,WP_071705353.1,1,ATCGGGGCAGGCCCGATAGGGCTGATGCATGTG
NA,WP_071705354.1,1,ATTGGTCACATCTACCCGAAGGGGGAGAGTGTG
NA,WP_071705355.1,1,ATTCATCACGGTGACTTATGTGAATCGGCAGGA
NA,WP_071705356.1,1,ACCTGTGCTAAAGATTTGGAAGGGTTGGTATTA
NA,WP_071705357.1,1,ATTCCTTGGATCTACGGACTTTTTGTTACCGGC
NA,WP_071705358.1,1,GCTATCCCTGCTTTGTTAACGCCGGTAATTCTT
NA,WP_071705359.1,1,GGACAACAAACAGGGAATATAGCACGTGCTTTA
NA,WP_071705360.1,1,ACTTCGGATGAGGCGAAGAAAATTGCAGATCGC
NA,WP_071705361.1,1,ACGCTGGAAGTGCTTCGTAAAACAGTCCGTCAA
glpK,WP_071706092.1,1,GGCCAGACATGCTTTGCGGCAGGAGACGTGAAA
NA,WP_071705362.1,1,TTGGTGGGCGGGTTTGTCTGCCTTTTCATCAAT
NA,WP_071705363.1,1,GAACATGGTAAGGTGGAAGACTTCATTGTCACG
NA,WP_071705364.1,1,ATCAATTCCATGCGTGTCGGCTTTTTGAGCTTT
NA,WP_083428298.1,1,AATGCCTTGTTATCGCTAGCATGCGGCATTCAG
NA,WP_071705366.1,1,GTTGTATTGGCAGGTTTGCTGGCGGGCGTGGAA
NA,WP_071705367.1,1,GTCGGGATGCAGGTTGGGGACATGACGTTTCTA
NA,WP_083428299.1,1,CGTATTGTATTAAAAAAAGTGGACTGGAAAACG
NA,WP_083428182.1,1,CAGGCCATGGATGCCATGGTCACCCTGCAGAAT
NA,WP_071705368.1,1,ATGAAAAACCTGCAACGCGTGGGCATGGCAGAG
rpsJ,WP_071705369.1,1,CTGCGCGCTGTCCATAAATATAAGGACTCGCGT
rplC,WP_071705370.1,1,GTGGTCGATGTGATCGGCACATCCAAAGGGAAG
rplD,WP_071705371.1,1,AAGATTCGTCGCATAGCGCTGAAATCGGTATTG
rplW,WP_071705372.1,1,GGCGTCACGGTTAAGCGTGTCAACACGATTACC
rplB,WP_071705373.1,1,GGCCAGACGATTCACAATATCGAGATGAAGCCG
rpsS,WP_071705374.1,1,ACGATCGCTGTGCACGATGGAAGAAAACACGTA
rplV,WP_071705375.1,1,GCGGAAAACAACCTGAGCCTGGATCGCGAAGGG
rpsC,WP_071705376.1,1,ATGAAGCAGGCAATTCAGCGCAGCATGCGTGCC
rplP,WP_071705377.1,1,AAACCGGTTTCCAAAAAACCTGCCGAAGTCCGT
rpmC,WP_071705378.1,1,GGCCAGCTGGAGAATCCCAACGCTATCGGAACG
rpsQ,WP_071705379.1,1,ACGATCCGTATTAAAGCGCATGACGAGAATAAT
rplN,WP_071705380.1,1,GTTGTTCGCAGCAAAGACGGTGTTTCGCGTCCG
rplX,WP_071705381.1,1,GAGCCGGGTGGAATCCTCCATCGCGAAGGCCCC
rplE,WP_071705382.1,1,ACCCTTCGCCATAAGAAAATGTATGATTTCCTT
NA,WP_071705383.1,1,CACGCTGTTCTCAAGAAGTACGGTATTTGCCGC
rpsH,WP_071705384.1,1,GTGGATGATCAGCGCGTCCTCTCCGGCCTCAAG
rplF,WP_071705385.1,1,ATTGAAGGCAGCGGTTACCGCGCACAGAAGCAG
rplR,WP_071705386.1,1,AAAGATGTAGAAGTCAAAGGTTCCACAGTGGAG
rpsE,WP_071705387.1,1,ACGATTATCGGTCGTGACGGTGCAGGACGCGTT
rpmD,WP_071705388.1,1,GTCGGGCACACGGTTGAGCATGAGGATACTCCG
rplO,WP_071705389.1,1,TACGCGGTGGTCAATTTAGACGATCTGAACGGC
secY,WP_071705390.1,1,ATCATTGCCATCACGATTGCGATCACGGTCGTT
NA,WP_071705391.1,1,GACGCCGTCATCTCCATCGAAGTCGAGGAAAAG
NA,WP_083428183.1,1,CTCGCTCATCCCAAGAAAAAGCGCGTCATTCAT
infA,WP_019190257.1,1,TCCGGAAAACTACGCATGAATTACATTCGCATT
rpmJ,WP_019190256.1,1,CGCAAGGGTCGCGTGATGGTGATCTGTGAAAAC
rpsM,WP_071705392.1,1,GAACAAATTGCGGAGTATCACGTGGAAGGCGAC
rpsK,WP_071705393.1,1,GCGCAGCAGTGTGCGGAAGAAGCAGCACAAAAA
rpsD,WP_071705394.1,1,TTTGCTTCGACGCGTGCACAGGCACGTCAGTTG
NA,WP_071705395.1,1,GCGGATGATCCGATCGGCACCATCGCGATTGAT
NA,WP_071705396.1,1,CTGAATGAATCCATCGACGAGCGTCCTTGGCTT
NA,WP_071705397.1,1,GTGGTGGTGGCGATTCTCATCGGCAAAAACGGC
NA,WP_071705398.1,1,GGCGATAAAACCTATGTCTTCGGTCCACAGGAG
NA,WP_071705399.1,1,TACAAGCTTTCCGGTGGACAAAAGCAGCGCGTG
NA,WP_071705400.1,1,GAGGTTTCCGGAGGACAAAAGCGTCGTGTGGCC
NA,WP_071705401.1,1,CCACTGGAGCTTACGGACGCCATTGCCTGGCTG
truA,WP_071705402.1,1,AGGCGGAACATTTTTTTGTATACCTTTCCGCTG
NA,WP_071705403.1,1,CAAGAGAAGCAGGAACAAGCAGCCGTTTCCGGG
trpS,WP_071705404.1,1,ACGCGCGACTTGGCGGAGCGTTTTAACTCTCGC
ppdK,WP_071705405.1,1,ATGGTTTCCGCACAGGGTATCGTCACGGCACGC
NA,WP_157885032.1,1,CGTGTTCTTGCCCTTATTTTGGCCATCTCCATG
NA,WP_071705406.1,1,ACACAGGATCCGGATACCTTGGACACTTGGTTT
NA,WP_019190236.1,1,CCGGATACGGGTGAATTCCGCACCTTGGATGAA
NA,WP_147659376.1,1,TTTGCAGCACATCCCGTTACGGAAGAAGAGCTT
NA,WP_071705408.1,1,TTCGGCACGTTTGAAACTCGTCAGCGCAAGGCT
NA,WP_071705409.1,1,CCGGTCATGAAGCTCATTGAGGTCATTCCCGGT
ybaK,WP_071705410.1,1,AAGATCGATATGCTCCCCCAAAAAGAATTGAAA
NA,WP_071705411.1,1,ACGGACTCCACAAATAGTGCGGACTGCGTCGAC
NA,WP_071705412.1,1,GATTCGTTGGTGAGCCTTTTTGTTCTGGGCTGC
NA,WP_083428187.1,1,ATGGCACTTTTGGATTACTATGATATTCCGCTC
NA,WP_071705413.1,1,TATCTCGCGCCGGATACCGTGGAAGCGACCATG
NA,WP_071705414.1,1,TCTTCCATCATTCGCATGCTCAAGCGCATCGGT
NA,WP_071705415.1,1,CTGGTATCGTTTAATGACGCGGTCGCGACAGTG
NA,WP_071705416.1,1,GCCTATGGCAGCCATTCGGATGCCGACCATGTC
NA,WP_071705417.1,1,CCCAACGCCTCCAATTCGGGGAATATGTTTTTA
NA,WP_083428189.1,1,CGCATTACCGACGGAAAACTCTTTAAGCAAGCG
NA,WP_083428190.1,1,TCCCCTCTTGCCTATGTGGATAAAGGCGATGCC
NA,WP_071705418.1,1,GCCATTGTCGCTCGCATTTTTGAGGCCATTGCC
rpsU,WP_066924319.1,1,GCCGAGTATCGCAAGCGTGAACATTACGAAAAG
floA,WP_071705420.1,1,GCCGGCGAAGCGACCATTATTGCGCGTGTCGGC
NA,WP_071705421.1,1,GAAGGTGTTGTACCGTCGGTGATTTCCATGGAA
NA,WP_071705422.1,1,TTGCCCGGCGATTTGCAGGAAAAAATCGATCCC
era,WP_172619983.1,1,TTTCGCGCCGTTTTGCCGATTTCCGCCAAGGAG
recO,WP_071705424.1,1,AATCCGGCGCAGCTTTCGCATGGAATCGGCGCC
glyQ,WP_071705425.1,1,GAAATCACCATGGGTCTCGAACGCATTGCCATG
glyS,WP_071705426.1,1,CTGGATGAATTGGTATTTCATGAACAGCTGGGA
NA,WP_071705427.1,1,GCGGCGACGCTGGAAGGTCGTTTGTTAAAATAT
dnaG,WP_071705428.1,1,GCGGACGTTTCGCCGAAGCTGGTCGTCCTTCCC
rpoD,WP_083428192.1,1,GAAGAAGAAACCATTCCGGGAGAGCTTCGCCGT
NA,WP_071705429.1,1,AGCGGTATCGCGGCGTTTCGGCATTTTTTACAA
NA,WP_157885033.1,1,CGAGCCTATTCCGCCGGATTCGGTGTCTATGGT
NA,WP_071705431.1,1,ACGCTTCCGGAAGAGAACGTCAAGACCGCACAG
NA,WP_071705432.1,1,ACGAAAATTTTTAACAATATGCGTCGTCCGGAA
NA,WP_071705433.1,1,GACGCTGCGCTGCGTTGGCAAAAGGGCGAGCGT
lexA,WP_071705434.1,1,GACTATACCGAGGAATCCATTCCCCTGCCGACG
NA,WP_071705435.1,1,GGCGAAGTCGTTCATCCCATGGAAGAAGATCAC
NA,WP_071705436.1,1,AAATTAAGCGAGCTGAAAACGCTGGATATTTAT
NA,WP_071706100.1,1,TGCCCGACGGGAGATTTTTCCTGGTCCACCATG
NA,WP_071705437.1,1,GATGTGCAAAAAGGTATGTTCCTCGGGGAAAAC
NA,WP_083428195.1,1,GCGGCTCTCATTACCGATCCGCTTTCCTCGGCA
NA,WP_071705439.1,1,GTAGGAACGATGACAGACAACACGAAGGGGCAA
NA,WP_071705440.1,1,GTCATCATCGGATTGATTTTCTTGAAATATATT
NA,WP_071705441.1,1,ATAAAAACAAAATTTGCAGGCACTATGCTTGGG
NA,WP_071705442.1,1,GAGTATCTTGTAGAGAATCGCCTTGATCAGGTG
NA,WP_071705443.1,1,TTGCCGGAGCATTTTATCGAAAAGGTGCATTAT
NA,WP_071705445.1,1,ATGCACATTGCGGAAAACATTGTGCTGAAAAAC
NA,WP_197675351.1,1,CTGTTGCCCATCGCGGATGTGCTTCTGCCCAAT
NA,WP_097677421.1,1,CAGCTTCCCGATTTTGTATTGGAAAAGCCGATC
NA,WP_071705446.1,1,TCGGGTCTGCATGCGAGCCAAAGCACACTGGTC
NA,WP_071705447.1,1,ACGGGCAAACCCGTCCGCGACGAAAAACGGGAA
NA,WP_197675352.1,1,TCTACGGTTGATTCTTTGGACGAGCGTGCTTTG
NA,WP_071705449.1,1,ACGTCCGCACTGGATCCGAAAAATACGGCATCC
NA,WP_071705450.1,1,GCATTAAACGGCGTGGAAGGCGGAATTGTGGAA
NA,WP_071705451.1,1,GAAGAGCTGCCGGAAGGCGCCAAGGTTCTTATT
NA,WP_071706103.1,1,ACGTCGCTGAAACCGATCAACCCGACCGGATGG
NA,WP_071705452.1,1,GCGGGAACGGATATGACGCACGTTGTAAAAACC
NA,WP_071705453.1,1,GCGCTGCTCTATTGCGCCAAGTCGGGCATTTCG
NA,WP_083428197.1,1,ATCACCTCGTTGGATACATTGAAGAAAAGCCGT
NA,WP_071705454.1,1,CTGCCGGAAAAAGGCGACCGCTGCCGTGTCTGC
NA,WP_071705455.1,1,GATCCGAAACCCATCGAAGTCATCACCTACGAA
NA,WP_071705456.1,1,GGCTTGCACGATCTGGAAAATGGAACGACGACA
NA,WP_071705457.1,1,ATTGTCGCGAGCATGCTGTTGCATCGAAGCGTG
thrC,WP_071705458.1,1,GCATACGGGGATTTGTTGGATGTTTCCGTGCCG
thrB,WP_071705459.1,1,AAGGAAGGCAGAACCGTTCGTGCCTGTTCCTGT
NA,WP_071705460.1,1,CAGGTGCTGTATGTAGAAACGCGAACGCCCCAT
NA,WP_071705461.1,1,CATGTGCATAAGCGCAGCCCCTTGATGACGCTG
NA,WP_071705462.1,1,TATGGCGCAGCGGCGATGATGGGTATTTTCGGC
NA,WP_071705463.1,1,ATGAAAAAAGTGCCGATTCCGCGTTACGTCGTT
NA,WP_071705464.1,1,ACGCTTGCCGTCGAAGGAAGTGTTTCCGTTGAC
NA,WP_071705465.1,1,TATTCCGGAAAAGACAGCATCGCTCTGCTTTAC
NA,WP_083428201.1,1,GCTTTGGAACGTCTACATGAATTGCAGATTCTG
NA,WP_071705466.1,1,GGCGGCGATGCCGCCTTTGACGAGAGTCTCTAT
NA,WP_083428203.1,1,AAGGCACTGGACGCCATTGGCGTCGTTCGATTG
NA,WP_071705467.1,1,ATCGGTGAAGAGAACGGTAAGAAAACCATCGCC
cdd,WP_071705468.1,1,GGTGTTCGCTCGTTTCAAGCCATTGCCATTGTG
mgtE,WP_071705469.1,1,TTTAGTGCTCTTCCGGTGACGGATTCGGAATCG
NA,WP_071705470.1,1,ATTTTGAACTCCTTTCTTCTTGAGAATTCATGG
scfB,WP_071705471.1,1,CGCGGCAGCTATGATCGCATCGTTCCCCGTTTT
scfA,WP_071705472.1,1,CAGACATCCTGCCAGTCGGCATGCAAAACGTCC
NA,WP_071705473.1,1,CTTGCGCGGGCGATTTCTATTTTTGAAACCAGT
NA,WP_071705474.1,1,TTTCAGCGAGGGGTTTCGTCCATGGGGCGATTA
NA,WP_071705475.1,1,GAAATGGCGGAAATCTTCAATGTGATGCAGTCT
NA,WP_071705476.1,1,GCGCCGGAAATGGAGGAACAGATTGTTAATGAT
NA,WP_071705477.1,1,TTACATCCTGAAGCCTTTATGAAATTTGATCTC
NA,WP_071705478.1,1,ATTTCGGATGAAGTATATCGGGAATTCAATTTT
glsA,WP_071705479.1,1,GCCATTTACGTTTCGGAAAGTAACTCGGCCTAT
NA,WP_071706107.1,1,TATATGCCCACCGTTTTCGGCCGTATCTTCTCG
NA,WP_071705480.1,1,TTGCTGTTTGTGACAGCCTTTATCGTGGCGGTG
hisS,WP_071705481.1,1,GATCGTCCGGCGGAAGAACGCCTCGAAGCCTAT
thrS,WP_071705482.1,1,ACCACGAAGATCGATGGGGAAGATTATGCGATT
NA,WP_083428206.1,1,CATCACGGCGAATTCGATCCGCATTATTGGCTG
NA,WP_071705483.1,1,TTGAAGGCCTCCGAACGGGAGAAAGTGGCTGCC
NA,WP_071705484.1,1,TATCCGTTGCTTTATGTAAGCGTAGATGCGCAC
rplT,WP_071705485.1,1,CGCCAACTCTGGATTGCCCGTATTAATGCGGCC
rpmI,WP_019189787.1,1,ATGACCGGTAAGTACACCGGCAAGCGCATCCGT
infC,WP_071706109.1,1,AGCGAAACCAGAGAAATTCGTCTGAGCCCGCGT
NA,WP_197675353.1,1,GGAGACCGGTTACATCTGCATTCCAAAATCGTT
NA,WP_071705486.1,1,ATAGGGGTCATGAAAGTGATCCTTCCGGAACGG
NA,WP_071705487.1,1,TTACGCAGTGCAGAAGCCTTCGGCTTTACGCAT
NA,WP_197675354.1,1,CGCCCGCATTTGACCGGGGCTTCGGTGCGCTAT
pheT,WP_071705489.1,1,GCCTTTGCAGAGCAACAGAAACGAATGACGGAA
NA,WP_071705490.1,1,CTGCAAGCGCAAGCGGAAGTGGAAGCGGCGCAT
NA,WP_147659380.1,1,TCGGTTTCGATTGCGCCGGAAAAGCCTCTTCAC
NA,WP_071705491.1,1,ACCAATATTGTCCATATTTTAGCCTCCGCAGAT
NA,WP_071705492.1,1,GCGCACTTGCTTTTACTTCTGGGCCTGGTTTGG
NA,WP_071705493.1,1,CAGTCCGCCTTTCTTGTCGAAGCCAATCATCTG
murC,WP_071705494.1,1,CTTCCTTCTCATGTTCATGGAAGAGCGATTACT
NA,WP_071705495.1,1,TGGATTCGCGGTACGGTTCGTATTATGGGCAAA
NA,WP_071705496.1,1,CCGTTGATCAAGGATGCTCCGGAGGAGTGGATG
pth,WP_071705497.1,1,AACGGACTGCGCTCCATCGTTTCGGAGATTGGC
mfd,WP_083428208.1,1,ATCGCGGAAGATTTATTGGATTTATACGCCAAG
NA,WP_071705499.1,1,ACCGTTGAGGCAAATCACATTCTCGTCAAGACG
gap,WP_071705500.1,1,GCCTTTGGTGTGGATCATTCCATTATGTCTACC
NA,WP_071705501.1,1,GGCGCAAAAGTTTCCGATAAAATCGGCGTCATT
tpiA,WP_071705502.1,1,GTAGGCGAGACGCTAGAAGAGAGAGAAGCCGGA
eno,WP_071705503.1,1,CTGCAGTATCTTGTAAAAGCCATTGAAGCTGCC
NA,WP_071705504.1,1,TTAGCCTCGATGGGCATTTACATTTTCAACTGG
glgD,WP_071705505.1,1,GCGTTTCCGCTTTATCTGGAGCGCATGTTTATT
glgA,WP_071705506.1,1,GGCATTTTAAACGGAATCGATGAAGACGTTTGG
pulA,WP_071705507.1,1,CGCATCGATGGCTTTCGTTTCGATCTGATGGCC
NA,WP_071705508.1,1,CGTTTAGCGGAGAAAAAAGGAAAAGAAGTGGGA
NA,WP_071705509.1,1,TATCTTTCCGATAATACGTCTATCGGACGTGCG
NA,WP_071705510.1,1,CTTTTGCAACGGGAATTGGGTACAGCAGCCGTG
NA,WP_071705511.1,1,GACACCGGGGAGACGACGGTGAACGGACAACGC
NA,WP_071705512.1,1,GGCATGCTGGTTTTTACGGCGAATATCAATCTC
trkA,WP_071705513.1,1,AAATCGGTGCTGATCGTCGGCGGCGGGCGTATC
NA,WP_071705514.1,1,ATTGTGCATCTGGGAGTCAACATCGACAGTGTG
NA,WP_071705515.1,1,CGTCCCGCCATTCAAGAAAAATTAGAGGATCTG
NA,WP_071705516.1,1,ACGATACTGGACGATTCCTCTGAATCCATTGTT
NA,WP_071705517.1,1,GAATTGACGAACTATGTTCTTTCCTTAGGCAAT
NA,WP_071705518.1,1,GCAAAAAGCATCTTCAACGTGATGAGCCTGGGT
ptsP,WP_071705519.1,1,GGCGTCGGACTGTTTCGTACGGAATTGCTGTAT
NA,WP_071705520.1,1,CTTTTGGGCGGCATTTTTATCTCGCTCGAAAAT
NA,WP_071705521.1,1,CATGAAAATGATTGGGTGGAAGGCGTGGTCTAT
NA,WP_071705522.1,1,CAATACGCACTGCAAAAATTACTCTCCGCTGTA
pepD,WP_071705523.1,1,CTTCGCATTGCGCGTTTCTACAGCGGTGAGAAG
NA,WP_071705524.1,1,GAAGAAGACGAAGGCATCCTTCTCTACGAATAT
NA,WP_071705525.1,1,GGCATGCTGGCCAGAGACTTTGATATTGAGCGC
NA,WP_071705526.1,1,GCTGCAAAGACGCATGCAGCCATGTTGCTTTTA
NA,WP_071705527.1,1,ATACGCCGGCTCAAGCTGGAAGAACATCCGATT
NA,WP_083428212.1,1,ATGAATCAGATGAGCGATAATATTCGCGAAAAA
NA,WP_071705529.1,1,AATGGAAGATTTCAATTTTATTCCACACGGGAC
NA,WP_071705530.1,1,GCGGGATATTGGCCGTGCAAGGGGAAGCGCGAA
NA,WP_071705531.1,1,GGCTGGCTGGACGATGCAAGGTATGCCTGCCGC
NA,WP_071705532.1,1,TATGATTTGCGCAGCTGGAATGCGGATCATACC
NA,WP_071705533.1,1,GAAAAAGCACTGGGCCTCTTGCTACTACAGCTG
greA,WP_071705534.1,1,GATTCCACGGAACAGGACGTGGTGCATCTCGGC
lysS,WP_071705535.1,1,GTTCGGCAGTATGCCGACGTCGATTTTGATCAG
NA,WP_083428213.1,1,CAGTTGGTCAGTATGCCGTTAGCCTTCTACCTT
NA,WP_071705536.1,1,GGCGGCTTAAAGACGTTAGAAAATGCAGCGATT
malQ,WP_097677422.1,1,CGAGACGAATTCTACCTCGATGCAACAGGAAAT
NA,WP_071705537.1,1,TCCTCGGCGCTTCCGTATTTTTGTCGACCAGTG
NA,WP_071705538.1,1,ACGGCGGTGCAGCTTCCGGGCATTCTTCATGTT
NA,WP_071705539.1,1,ATCCGCGGTGGATACGCTCGCGAGGTTTACGTC
NA,WP_071705540.1,1,GAAGGTCCCATGATCGGACTGGTCGAGAACCAG
NA,WP_071705541.1,1,CAAATGCTCTACAGCGACAGCTTGTCCGGCGTA
NA,WP_071705542.1,1,GAGCTGCAGAGGGTTTGGTTAGCCTGTTCCTTG
NA,WP_071705543.1,1,GAGGCCGGGCTGGAGGAGATTCGAAAAGCCCCT
NA,WP_147659381.1,1,GTCGTCCGGGGGGCAATCCGGGACCTGGACCGG
NA,WP_071705545.1,1,TCCATGCAGTCGGCCATCGACCTAGTCGAAGAG
NA,WP_071705546.1,1,GTCTCGATTCTTTATCACCATTGCAAGCAGGGG
ruvC,WP_071705547.1,1,CAGGCGCGTGGCGTGGAGGTGAATGCTGTCGAA
ruvA,WP_071705548.1,1,GTGCATGCCGTACAGCACCAGGAGCTTTCCATT
ruvB,WP_071705549.1,1,CTTCGTGATCGCTTCGGCGTGTTGATTACGTTT
queA,WP_071705550.1,1,TTGGAGAAGCGCGGCATTCGTCTGGGCTATCTC
tgt,WP_071705551.1,1,GGGATCGTACAGGGGGGCTTTAGCGAGCGCTTA
yajC,WP_071705552.1,1,GCGTTTGAAATCGAAACCGGTCGGGATCATCAC
recJ,WP_071705553.1,1,TCCGGGCGATTACTGACTGCCCGCCTTGGAGTG
NA,WP_071705554.1,1,GCTACCGATTCCAAAGAATATATGGAAACACTG
NA,WP_071705555.1,1,ATTGTGCCCAGCCGTTGGTTCGTGGAAGGAGAC
aspS,WP_083428214.1,1,CGCTATGGCTTTGAAATTGTGCGGCTCAATGGT
NA,WP_071705556.1,1,TTTTTCCTTGGCGGTCTTTTTCTAAGTCTGTTT
der,WP_071706114.1,1,GAACGAAATGGGAGAAGTTATACATTAATCGAT
plsY,WP_071705557.1,1,CTTACCGGTGGGAAAGGCGTGGCTACGATCTGT
NA,WP_071705558.1,1,AATCAGGAACATGCGGGCTTAAAATTTCTGGAC
NA,WP_071705559.1,1,GACCGTCAATTTGAAGCGTTGATTCAGGTGAAT
sepF,WP_071705560.1,1,ATTCAGGAGCCGCTGGAATACGATGATGGTCCG
lspA,WP_147659382.1,1,CGGCGTTATCAACACGTGCATCCGATCTACATC
NA,WP_071705562.1,1,CGTGGCGTGCTGCTGCTGAATGCGACTCTTACC
NA,WP_071705563.1,1,TTGCAGGAACTTTTTCGAACCCATGAAGTGCAT
NA,WP_071705564.1,1,GCCCAGCACCCTCTTCCGCCTTTTCGTGCGCCG
efp,WP_071705565.1,1,TTAGAAGGCGATGTGGCTTCGGATGCGATGAAG
nusB,WP_157885036.1,1,ATTTTGCGCGTTGCGGTGAACGAAATACTTTTT
xseA,WP_071705567.1,1,GGGGGAGGCTCGGCCGAAGATCTCAGTGCTTTT
xseB,WP_071705568.1,1,GAGCTGGGCGAAGCCTTGCACCGTCTTTTAGAT
NA,WP_071705569.1,1,AAAGCCGGCACTTTGCTCAGTCGGATGACCGGG
argR,WP_071705570.1,1,CTGCATAAAATTCTTCGCTCGGCGATACTCAGT
recN,WP_071705571.1,1,CAGGAGGATCTGGAAAACTACCGCAATACGATT
NA,WP_071705572.1,1,CAGCGAGAATTGCAGGAAGAGGTTGGGGTAAGA
NA,WP_071705573.1,1,GCTGTGATGGCGGCGATTTTGCTTCCGCGCATT
NA,WP_071705574.1,1,CTAGAAGGAACCGGCGAGGATCTGCTGCAGGCG
scpB,WP_071705575.1,1,AATTCCGCTCGCGAAACATTGGCGATTATTGCT
NA,WP_071705576.1,1,CCGTCCACAGAGACCGAGAAGGAATATATTACG
NA,WP_083428217.1,1,GGCATTTCGCTGAAAAATATTGCGCTTACGGCA
cmk,WP_071705577.1,1,CAGCAGAAAATTGCGGCTTCGTCGGACATTGTT
NA,WP_071705578.1,1,AAAGGAAGTGTTCTGGGCATTTTTCCGGAAGGA
NA,WP_071705579.1,1,GGTCTCAAGAACTGGACGAAATTAATGGACAAG
miaB,WP_071705580.1,1,GTGGCGGAGATTCCAGGAATTTTGCGCGTTCGA
mutS,WP_071705581.1,1,GAACTGGATGATCTGAAAAGCGGAGGGGAGCAG
mutL,WP_071705582.1,1,ACAGCGCTTTTTCGCAAGCCAACGATTCCCGGT
miaA,WP_071706116.1,1,CGGCTTACTCCCCAGGATAAACCTCGCATCCTT
NA,WP_071705583.1,1,TACGGCGAATTTACGAAAGATCAGGAGCCTCTT
NA,WP_071705584.1,1,GTCAAAGCGGGGGATACCGTATGGCATTTGGCC
NA,WP_071705586.1,1,GTAGAAGATTCCAAAGTTTCAAAAGCCATAGAG
NA,WP_071705588.1,1,ACCGAACTTCACTTCAAGGCTGAACGCAAGGGT
NA,WP_071705589.1,1,GTTTTAAAGGTGCGCGATTTAACCTTGGATCAA
NA,WP_071705590.1,1,ATCAACACTGCCGTGCCTCGCTTCGGCTTTGAT
NA,WP_071705591.1,1,ATTTTTTTCCTTTGGTTGGTCGCAACCATCGTT
NA,WP_071705592.1,1,GCGGGCGGCGTTGCCGTTCCGGCCGTTGTACGC
NA,WP_071705593.1,1,TTTTCGCGCGTGTATCATGCCATTGCTGCCGCC
NA,WP_071705594.1,1,GCCATTGCCGCGCAGCTCGGAGCTCGCTGGTTT
NA,WP_071705595.1,1,GATACGCTGATCAAAATTCACTATCATACCAAT
NA,WP_232009044.1,1,ACTTTCTTAACCACCGGCATGCGGCTGAGCGAG
NA,WP_071705596.1,1,GTGGGGACCTATCCCTTACCGGAGGCACAAATG
NA,WP_071705597.1,1,GATCCGATGCAGCAGGGGGAACCTCTGTCCCAT
NA,WP_071705598.1,1,CTTGACTTTGTGCCATTGGTGGCCAATTATTGG
argF,WP_071705599.1,1,GTCTCTAACTCGCTGTTGATCACCTGTGCAAAA
argS,WP_071705600.1,1,GCCTTGGGTATCGTTTATGAAGAAGACGGCGCA
NA,WP_071705601.1,1,TTGGCAGCAGATCCGATTATGCTCGTTGCGAGA
NA,WP_071705602.1,1,ATCGCGGTTGGCAATGGAATATTTTTTGCCGGC
NA,WP_071705603.1,1,ATTGTTACCGTTGATACCAAGGACTGTGGTGTT
NA,WP_071705604.1,1,GGTGTAACAAACGCTTCTTCTCTTGATCCGTTA
NA,WP_071705605.1,1,AGTGAAGAATTTGTTTTGATTTATCGCACATGC
NA,WP_071705606.1,1,AAAATTACGTTGGAACGGCTGAACAAGATATTC
NA,WP_071705607.1,1,CTGCACAATACCGTAGAGATCGGAAGTTTTGTT
NA,WP_083428221.1,1,CAGGAAACCATGCGTGAACACTTCGGCGAAGAA
NA,WP_071705608.1,1,GGATATCGTCGCGTGGTAGCCAGCCCGCTTCCA
NA,WP_071705609.1,1,TACGGACGTCACAATCACTTCCACATTGAGGGC
NA,WP_071705610.1,1,TTGGTTGACGGATGGGACGATCCGCGTCTACCG
NA,WP_071705611.1,1,TCTTTTCTTTTGTTGCTGTTTACTTTTTTGGAT
NA,WP_147659383.1,1,CCCTTCCCTACGTTCTGCGGGCACTGTCAACAA
NA,WP_071705613.1,1,AAAGCCATATATAAGCACCCAATGTTTTTGTCT
rny,WP_071705614.1,1,GAAAAGGCGCGTGTTGCGCTTGAAAAGCTCATC
recA,WP_071705615.1,1,CCGGTTGTTTCCAAATCCAATACAACCGTTGTC
pgsA,WP_071705616.1,1,GTTGTTATCGTCGCTCGAGAACTCATGATTACC
NA,WP_232009045.1,1,GCGCAGGACATACGTATCGAGGCGCCTATTCCG
NA,WP_071705617.1,1,ACGCAGGTGCTTTCCGTGGTCACCTTAGGCGGC
rpsO,WP_071705618.1,1,CACGCGAATGACAATCATTCCCGTCGCGGTCTT
ribF,WP_071705619.1,1,GGACAGCGCATCAGCTCCACACGCATTCGAGAT
truB,WP_071705620.1,1,GAAAAAATGGCGGCCCGAGGAGCGGTTTTCCGT
NA,WP_071705621.1,1,AATCGCTTCTTGTATGATACGTCCGGTGCACGC
rbfA,WP_071705622.1,1,CTTTGCAATGCCGAAGGCTTTTTAAAAAATTAT
infB,WP_071705623.1,1,CAGGGTCTCGTTGCCGAAGAATGGGGCGGCGAT
NA,WP_071705624.1,1,GGAGCGTATCTCTGCTGTGCAATAGAATGTATT
nusA,WP_071705625.1,1,CTTCTTTCTCGTGCTCATCCGAATTTAGTCGCA
NA,WP_071705626.1,1,GAAGTCAGTTCGCCAGATCTTTCGCGTCCCTTA
folE,WP_071705627.1,1,AATGGGAAAGTCGCCGGTCTGTCGAAGCTCGCC
NA,WP_232009046.1,1,GAAATGACCTCCGGCCTTGCACACGATGAGGCT
folK,WP_071705628.1,1,CTGGAGCAAGCCCTACAGGCCATGGAAGAAGCC
folP,WP_083428224.1,1,TTCGGGGAAGGCAAAGCCTTCACGGAAGATGAA
NA,WP_071705629.1,1,CCGATCTGTAAGCCGGATTTCAGCTCTATCAGG
NA,WP_071705630.1,1,TCGTTTCTTCCACAGGAAACGGTGGAAGAAATC
ispG,WP_071705631.1,1,AGCGATGTACGGACGATGGTCGATGCCAATGCC
rseP,WP_071705632.1,1,CCCGTACAGGTGACCGTTTTGCGTGACAACACC
NA,WP_071705633.1,1,AACAGCCTGCTCTTGGTCATTTGCGTTTCGTGG
uppS,WP_071705634.1,1,TTAAAACGCACGGAAAAGAATGACGGCGTCATC
frr,WP_071705635.1,1,GATGGAAAACTGATTCGCCTTCCATTTCCGCCG
pyrH,WP_071705636.1,1,CATATTGAGAAAGGTCGCATCGTCATCTTTGCT
tsf,WP_071705637.1,1,GAGGTGCCTGAGGAAGAAGTAGCGCAGGAGCGC
rpsB,WP_071705638.1,1,GTGGCGGAGCTGCAGCATGAGGCGGAGCGCCTC
topA,WP_071705639.1,1,CAGGATGCGCATGAAGGCATTCGTCCCACCTCG
dprA,WP_071705640.1,1,TATCCTGCTTCCCATCGTGCAATTGCGGACAAA
NA,WP_269457029.1,1,AACAAACTACACTTTATTGAGGTGAAAGCGCGT
NA,WP_071705642.1,1,CTGGTGCCGGATCTGGTCCTTGTCGACGCGGAA
ylqF,WP_071705643.1,1,TCCGCAGCGGTGGGGGATCGTCCGGGCTTTACG
rplS,WP_071705644.1,1,TTTACGGTTCGCCGCTTGAGCTATGGTGTTGGC
trmD,WP_071705645.1,1,ACGAACTATTACGTGGACGAAGAAATTTCCATC
rimM,WP_071705646.1,1,GAAGAAAGCCTTCCCAAACCGAAAAAGGATCAC
NA,WP_071705647.1,1,GATGACATGGGCAAGGTGATCGGTAAGCAAGGA
ffh,WP_071705649.1,1,ACCGGTCAGGAGGCCGTGAATGTCGCCAAGACT
NA,WP_071705650.1,1,CTTTTTGAATCGCATCTTGGCCTCTTAGAGACC
ftsY,WP_071705651.1,1,GAATGGTCTCGGCGGGCGGATGTAGCCATAGTG
smc,WP_071705652.1,1,TCCAACGCCAAAGAAGCGCTATGTAATGGAACA
rnc,WP_071705653.1,1,TCCTTACTGGCGGATGCATTTGAAGCCCTTTGC
plsX,WP_071705654.1,1,GTCGGACTGCTTAATGTCGGGCAGGAAGCGGAA
rpmF,WP_066923837.1,1,TGCCCGAATTGCGGCGAAGCAAAATTACCGCAT
NA,WP_071705655.1,1,GATTTGCAAGAGGCGATGGAGAAAATGAATGGT
NA,WP_071705656.1,1,AGAAAAATTTACCATGTGGGCGTTCACGACCAA
NA,WP_071705657.1,1,CGTGCGGCCGAATCGGATCAGGATACCCAGAAG
coaD,WP_071705658.1,1,GAAAAGGCGGATGCTGTTGTTCGCGGGATTCGC
rsmD,WP_071705659.1,1,AGTGTCGTCTTTGTTCGCGATTATCGAGAAGTG
NA,WP_071705660.1,1,CGAAAAAAAATGGATGCGGCGGCGAAAGGAACG
NA,WP_071706122.1,1,TATTCAGACGTGCCGGTTAAACTTATCAATAGT
NA,WP_071705661.1,1,CGCGTGTTCGCCGATGAGCAGCAAGGAATTATT
NA,WP_071705663.1,1,TTAGCGCTGATGAAGCGCTTTGAAGAACAAGGC
rpe,WP_071705664.1,1,AAAACCGGCGTCGCACTGAATCCGGCAACACCG
rsgA,WP_083428231.1,1,CACGGCGAAGGAATGGACGCCCTTGAGCAAGCC
pknB,WP_071705665.1,1,ATTTCGCTTATTGCCGTTTCCGTGATTACCCTG
NA,WP_071705666.1,1,GGAAAGCTCCTGCAGCTCACGCAGGACCATTCG
rlmN,WP_071705667.1,1,GTCACGGCGCCGGAAGGGAAGAATTTGAGTGAG
rsmB,WP_071705668.1,1,ATGGTAACCGATACTGAAGCATTTCGGGAAGGG
fmt,WP_071705669.1,1,GATGAGGATTTGAGCACCGTATCGAAAAAACTC
priA,WP_071705671.1,1,GTGGAAACAGGGGAGCTGACCCGCCTGGATTTA
coaBC,WP_071705672.1,1,CGGGAGCGACTGGATCCTGTGCGCTTTTTGACC
rpoZ,WP_071705673.1,1,CAACCGTTAGTGGACAGCAAAGGAGAAAAACCG
gmk,WP_071705674.1,1,ATTGACGTGCAGGGCGCCATGCAGGTGAAACAA
NA,WP_071705675.1,1,GATGATGGATTCGGACAACGCAAAGAGCATCTG
NA,WP_071705676.1,1,ATGGAAGAAACACGTCCCGGCGAATATTTCCCA
NA,WP_071705677.1,1,AAAGACGTGGAAAAATACAAACCGGATGAAGTG
NA,WP_071705678.1,1,CGTTATTTTGCCGACGGAGACGATATGGTCTTT
ruvX,WP_071706124.1,1,GATTCGGCTCGCCGCGCGAAGAGCTTCGGCGCC
NA,WP_071705679.1,1,TATATTCTTTCCGGCGATCCCACGTACATTACG
alaS,WP_071706125.1,1,TGGGATACCGAGGCGGCGATTTCCGTTGAGGGC
NA,WP_071705680.1,1,CGCGATCCCAAAGACATCACAGTATTGGAAATG
leuS,WP_083428235.1,1,ATCGAATACCTCGAGAAGCATGAGCTGGGCAAG
asnS,WP_071705681.1,1,GAGCATTCCAACACCACGCGTCATGCGGCGGAA
NA,WP_071705682.1,1,ACGCCGCCCGTCAACGGTCGTATCCGGTTGACG
nrdR,WP_071705683.1,1,ACGGTGGAGCGCTTAGAAAAGGCAGCGGACGCC
ftsZ,WP_071705684.1,1,ATGGTGGAAGCTTTCGGCATGGCCGATCAAGTG
NA,WP_071705685.1,1,GTCCTGGGCGTTTTTGAATCGGCCGGCCGCCCT
ftsW,WP_083428236.1,1,ATATACGGTATGAATTTATGGCATTTTTTGCCG
murD,WP_071705686.1,1,CTGTTGCCGGGCGATACGGTCGCTCGGGATGCA
mraY,WP_071705687.1,1,GTAGGTACGGTCAATGCGGTGAATTTGACGGAT
NA,WP_071705688.1,1,GAAGAGGCTCTTAATCATTCCTGCAATCCGGCG
NA,WP_071705689.1,1,ACAAGTCTCCTGCGCTATAATGAATTATCCGGA
rsmH,WP_071705690.1,1,CGCTGGTCGAAGCGGATTGCTCAATTCATCGTA
mraZ,WP_071705691.1,1,TATTCCGGGGCAATGGAGGTCGCCTGTGACAAA
lgt,WP_071705692.1,1,GCTATCGGACGATGGGGAAATTTTTTCAACAAT
NA,WP_071705693.1,1,TGTCGGGATCAACATCCGCAAGCGGCATATGTA
NA,WP_071705694.1,1,CGCGGAAATCTCGGCACAAGCGGATCGGTCATG
NA,WP_071705695.1,1,TCGGGGCTGGTGCGCGCATACACTAAGGTCTGT
hflX,WP_071705696.1,1,GAGCGTGAAGCCGGCAAGCGTCGTCGTCAATCC
NA,WP_071705697.1,1,CTCAACCGTGACTATTATGACTACGACGATGTC
NA,WP_071706128.1,1,ATTCTGCGCCGCCTACCTCTTAATAGTACCGGA
NA,WP_071705698.1,1,TATGCCCAAGACATTTCTCATGAGCTACGCACG
dusB,WP_157885040.1,1,GCGCATATTGCCGAGGAAGAAGGAATTGCACGC
NA,WP_083428238.1,1,ATTACCCATGAAGTCGTCAATGCGCACGGTGAA
NA,WP_071705699.1,1,TACCTTGCTACGATTTGGCGTAATAAGAATGTG
NA,WP_071705700.1,1,CATACGGGCGACTGGGCGAAGATGTGCGCTACA
NA,WP_071705701.1,1,TCTTCCAAGAACAAGGTAATTGTTTCGCAGGAA
hpt,WP_071705702.1,1,ATGGGGAAAAATGTCCTCATTGTCGAAGACATT
tilS,WP_071705703.1,1,TCGTTTTCTCGAATGTCGGAAACGGGAGCGCAA
NA,WP_071705704.1,1,GAAGCGCAGCGTGAAGAGCTGCAGACCTCGGTG
NA,WP_071705705.1,1,GCTGCGGGGGATACCATGAAAATCGCATTTGGC
dut,WP_083428242.1,1,GGCTTGGGCATGAAAGGGCTGGTGTTATCCAAT
NA,WP_071705706.1,1,ATTTTGCCCTTGCGTGTGAAGCGCGAAGATCTC
NA,WP_071705707.1,1,AATCAGTTCGGAGCCGAAAAAAACGAGTTCATC
NA,WP_071705708.1,1,CATGAGGCGGGCGTGCTTTCGATGGCTCGCAGC
NA,WP_071705710.1,1,ATTTCCATCATTCCCATTCTTGTTTTTGTGGAT
NA,WP_232009047.1,1,TGGGGGAGCAGCATCGGCAAAGCGATTTTGCGC
NA,WP_071705712.1,1,TATGACGGTTTTGCCAAGACAGCCGATGAGGAA
NA,WP_071705714.1,1,GATAGCGTGAATTATCCATTGCTGGCAGCGATC
NA,WP_157885041.1,1,ACCGCTGGAAATCTCACGGGTCAGTTGTATAAT
NA,WP_071705716.1,1,CTGCACTATGAGGAAAGCACGAAGGACGAACTG
NA,WP_071705717.1,1,CTCACGGCGGCGGAGTATTTGGCGTTTGAAGAA
NA,WP_071705718.1,1,ACGTCGAACATGCCGGTGGCGGCACGAGAAGCG
NA,WP_071705719.1,1,ACGCCGGAATATGCGGCATGGATGAAAAAGCAT
NA,WP_071705720.1,1,GACACAGACCTGGGCGTGCTCTATCTGTCGAAA
NA,WP_097677423.1,1,GCTAGCGGCTTGGCCTATCTCGGCGCGGCACTT
NA,WP_147659385.1,1,GAACACGTCTCCGAGAAAGCGCCAACGCGCTTA
NA,WP_071705723.1,1,AATTTCAATCGATGGTATTTTCATCGACTGCGA
NA,WP_071705724.1,1,AAACAAGTGAACGCTATTGAACAAAAACGAAAA
NA,WP_071705725.1,1,GAGGCGCAACGTCGTGAAAAAGAAAAGTGGGAT
NA,WP_071705726.1,1,CTTCCCGGCATGATTTCCCGGAAATGGGGGCGC
NA,WP_071705727.1,1,CGTACGGTTTTCCACCACTACCGCATACCATTT
NA,WP_071705728.1,1,GGCTTTTCCGGTATTTCGTTGGGCGTCATTCCG
NA,WP_071705729.1,1,GGCGAAATCGGTCATATGCCCATTCTCACCGAG
NA,WP_071705730.1,1,GGCATGGATCAGGTTCCCTGCCTCTTTATAGAC
NA,WP_071705731.1,1,AGTGTGTATTTGTTTGCTCCGGACGGTTATGGC
NA,WP_083428246.1,1,ACAAAAAATGGCTACGGAACGATGGTCGTCCTA
NA,WP_071705732.1,1,GGAAGAATTCACTTGGACGGTAAGCAGGCTCTC
NA,WP_071705733.1,1,GCTTTCATGAACGAGCAATTTCGGGTGTATACG
NA,WP_071705734.1,1,GTAGAAGCGGGAGCCGATGTGCTCTGCATTGAC
NA,WP_071705735.1,1,GAAGCGATCGAAAGTATCAGCGAACAGAACGCA
obgE,WP_071705736.1,1,GGCTTGGGGCATGATTTTTTGCGTCACATTGAA
rpmA,WP_071705737.1,1,CAACGCGGAACCAAATTTCATCCCGGCCTGAAC
NA,WP_071705738.1,1,AAAAATGTCCACGTGCAGTATGCAGAAGGGGAT
rplU,WP_071705739.1,1,TACATCGAAGGAGCCAGCGTAAAAGCCACCGTC
NA,WP_071705740.1,1,GAAAGCACATTACACGGTACGAGCGGCAAAGAA
mreD,WP_071705741.1,1,GGAAAAGCCCTGTATCACAACGAACATAATTTA
mreC,WP_071705742.1,1,GACGCGTCCAAAAACGTCGTATCCGGCTTGGTC
NA,WP_071705743.1,1,GGCTTGATTGTGACGGAGACCATGAAGATTGGT
radC,WP_083428249.1,1,AGCGAAGAGCAGGCGTTTTTTTCCATCACGCTC
NA,WP_071705744.1,1,GTGATGAGCATTGCCGTACGCTTTGCACTTCCT
NA,WP_071705745.1,1,AGTGCTTACGGGTGCAACGTGGTAAAAATCGAG
NA,WP_071705746.1,1,CATACCTACGTTCCTCTTTCTCTCAAGGAGAAA
NA,WP_071705747.1,1,TTAGGCTGCAGCACCTGCCAATCGGTTTGTGCT
NA,WP_066923567.1,1,GGTCTCTACAATGCCTTGGGTATCTACCTTCCG
rsxE,WP_232009048.1,1,ATTCTTGGACGTGCCGAGGCATTCGCCTCGAAG
NA,WP_071705749.1,1,ACCTTTGTGGTCGGTGCGAAAACAGATGGTACG
NA,WP_071705750.1,1,GATTCCGTAACGGCTGCAACGCCACTTTCCGGT
rsxC,WP_071705751.1,1,GGCGAAGAAGAAAATCTTGCCGTGGCCACCATG
NA,WP_071705752.1,1,TTAAAAGATCCGAAGACCAATCTGATGATCGGC
coaE,WP_071705753.1,1,TGGAAAATCCAAAGGACGAGGAAGGCGGCAGAA
polA,WP_071705754.1,1,AAAACGACGATCACAACGGCGGATCCCGATGCG
NA,WP_071705755.1,1,CACCCCGAAGAGTTTACCCGACAAGCGCAGAGC
NA,WP_071705756.1,1,GCACAGATCGATCGATTGTGCCGGGATCTTCCT
NA,WP_071705757.1,1,TCAGAAATCACAACGTATGCGGTCGTTTATGAC
NA,WP_197675355.1,1,CCACGACGGCATGTAGAAAAAGAATACTATGCG
NA,WP_071705758.1,1,GAGAATCAATTCATGATGGAGCTTTTTGGACTG
NA,WP_071705759.1,1,ACTCTGGAGCGGCTGAAAATTGAAGTGCAGCTC
groL,WP_071705760.1,1,GCCGTCGCAATCAAGGCTCCGGGATACGGAGAT
NA,WP_071705761.1,1,TCCGCCCAGGATGAATACAAAGATGCGGTTAAA
srtB,WP_071705762.1,1,GAGATGTTCGGCATTCTCAAACACTTTTTGGAC
NA,WP_071705763.1,1,GGATTGCAGCAATTTGGTGTTTTGCGTCATTAT
NA,WP_071705764.1,1,GAAACCAAGGAAGATCTGCACATTCATGTTGGG
mutY,WP_157885042.1,1,GCGAATGGACAGCCCCTGTGTCCGACGTGCCCG
NA,WP_071705767.1,1,AAAATTCCGATCGATACAGAAGATACCGAAAAA
NA,WP_071705768.1,1,CAAATTGCGACGTCGTCCTATACGATTGCGGAC
gltA,WP_071705769.1,1,TCGCTTCCTGCCGTTTGCGGACGCGTTTGTCCG
msrB,WP_071705770.1,1,ATCGATCTTTCACTTGCCGAGATTCCCCTTGAG
NA,WP_083428251.1,1,ACGGCAAAGGGAACGAGCGAAGTGGGCGGTGAG
smpB,WP_071705771.1,1,GATCCGGTTCGCGATCGTCGTTTGCTGCTGCAT
rnr,WP_071705772.1,1,AATGTCGTCGATCACCAATTTTATCCCAGTGTG
secG,WP_071705773.1,1,TCGAACATTTACGGCACTTCGGTGCATCGTCCG
NA,WP_162272157.1,1,GTGGTTCCAACGAAGGAAGAGGCTTCACAGGGA
rsfS,WP_071705775.1,1,GCCGATGCGATTACGCAAAAATTGGCACAAGCC
nadD,WP_071705776.1,1,TTCCTGCAAGAAGTAGAAAAAGAGTCGTTGGAA
NA,WP_147659387.1,1,GCGATTATGAAAGATGAGGCTGGCTTTTTTCTG
NA,WP_071705778.1,1,GAGCCCGTTTTTGGGCGTAACGCGGAGCAGGAT
NA,WP_071705779.1,1,GATTTTTTGACAAACGAGGTTTTGCAGCGCTAC
NA,WP_071705780.1,1,TCTTCGTCACGATGGTCAAAGACGGGACTGTTT
NA,WP_071705781.1,1,CTCGTCGTGATCGCGCTGATTGCGATTTTTCGG
NA,WP_157885043.1,1,GAGATGGAAAATACGCTTACGGATATGCTGACG
NA,WP_071705783.1,1,TTGCATTTGGTTCGGGAAGAGAAAGATCCACTG
NA,WP_071705784.1,1,GGGAAAACGACCTTGCTGAACGCCCTCGCGAAT
NA,WP_071705786.1,1,GAAAAGCTGTTTGGCGAAAGTCTACAACAGCGA
NA,WP_071705787.1,1,ATCATGAGCCATACCATGGAAAGTTATTTTTCG
NA,WP_071705788.1,1,GATATTCGTCCGCTCGAGGCACTTCAGTGGCAT
NA,WP_071705789.1,1,CAGGACTTTATTCCCGGCGATTTTTCACGTATG
NA,WP_071705790.1,1,GTACGCCGAGGCGATAAGAAGGTGGTGGTTCTT
brnQ,WP_071705791.1,1,GTGCGTTGCACCGCAATCTCCTCGATCTTTGCC
NA,WP_071705792.1,1,TCAGGATTATTGAGCTTTCTTCTTTGGATTGCG
NA,WP_071705793.1,1,GATCAGATCGATATCGTCGCTTCCAATAACGAC
NA,WP_071705794.1,1,CCGCCGGTGGATAATGAGCCGGGAGAACCGATT
NA,WP_071705795.1,1,CTCGGCGTTGCCGGCCTTATTCTGTTGACCGGA
NA,WP_066923417.1,1,AATCATCGAAAGGGGAAGAGTGCCTGTGGTTGT
feoB,WP_071705797.1,1,ACGTATTTTACCGCCCATGGCTTTGATGCGCCC
NA,WP_071705798.1,1,AGCGTCCATGTACAAAAAGTTGCTCCGCTGGGG
NA,WP_172619980.1,1,GATGCAGGTTACTATTCGCTCATTCCGTCCGCT
NA,WP_071705800.1,1,ATGTTTTCCTCCTGTAGAACACGAGGTGCCGAT
NA,WP_071705801.1,1,TTCTATGAGGATCTCAAAGCCGAAATCGGCAAA
NA,WP_071705802.1,1,GCGGTGGCAGCGATCTGTGCAGCGCCCATCGTG
NA,WP_071705804.1,1,AATATCAAGACTTTAAATCTGATTCCCTCTGTG
NA,WP_071705805.1,1,GCGAAAGGCAAAGGCGTGCTGGTCGCGCCGACC
NA,WP_083428255.1,1,CTGCACCATAAAATTAAGGCCGTTCACGGAAAA
NA,WP_071705807.1,1,TTGCCGGTGGTTCCCGTTAAAACCGATCGGGAA
NA,WP_071705808.1,1,AAGCTTCTCCTTCTCACCCAGCCTTCCGGCAAG
pdxS,WP_071705809.1,1,CGCACGAAAGGTGAACCGGGAACGGGCGACGTT
pdxT,WP_071705810.1,1,AGACAGCTCGCCAGTTTTACCACTGCCGCAGAC
NA,WP_071705811.1,1,TTGGCTGATACGGAAGCGCGCGCTGCTGCGGTG
NA,WP_071705812.1,1,GTGGAGCCGGGCGAGTACGATATTGTGTGCGAG
NA,WP_071705813.1,1,ATGTACGCGTCTATTTTTTGTGCGCCGGATGTA
NA,WP_083428256.1,1,TTGGCGGACTTGCTTTACGGGCGGGATACGACG
NA,WP_083428257.1,1,GGACGCATTTTCCAGCTGGCATCGGTCGCCGCT
NA,WP_083428258.1,1,CCGGGCGATCTGGTCGCCTACGTACTGTATGTG
NA,WP_071705815.1,1,CTTTTAGACACACACGCGCATTGGGACTTTTTG
NA,WP_147659388.1,1,TTGTCAGGGGCGGCGACCCTGTCTGGCCGCTTT
NA,WP_071705816.1,1,GCGCTCGGACAGGCGTTATTCGGCTCCTGGGGA
NA,WP_083428259.1,1,ATGATGGATATTCTCCCGGAGGAGGAAGACATG
NA,WP_071705817.1,1,TGGCAGATGTATCTTTTTCAAATCCCGCTTTTG
NA,WP_071705818.1,1,TCGGTGAAAGAGAACGATAAATGGATCCTTTTC
NA,WP_071705819.1,1,ATGGTGTTTTCTCTCTATCAAAATGGCGTGAAA
NA,WP_071705820.1,1,CATGATGCCGTCAACCGCGAAATGTTTTATGAA
NA,WP_071705821.1,1,GAAGGCATTCTTTATAAAAAAAGAGGATTAGGC
NA,WP_071705822.1,1,GATAAAGTTGCCTTTACAGGCACGTTGGATGTT
NA,WP_083428261.1,1,GTAGTCGTGGAATATCTCCAGCCGACCGCTTCG
tuf,WP_071705823.1,1,GAATACATCCCGACGCCGGTTCGTGCGACGGAT
rpsG,WP_071705825.1,1,CGTATCGGCGGTGCGACGTACCAGGTGCCGATG
rpsL,WP_066923336.1,1,CGTTTAACCAACGGCTATGAAGTCCTTTCTTAC
NA,WP_147659389.1,1,GGCCGGCTCCATATTGACGCCTGTAGAGTGGAA
NA,WP_071705826.1,1,TTCGGCATCATCATGCTCGTCATATCCGCCATT
NA,WP_071705827.1,1,AAGCCCATTAAGGAAGAGGGCAAGATCGGCATC
NA,WP_071705828.1,1,GAGATCGGCCTCGGTCTCGAGGATCGCATGGAA
NA,WP_197675357.1,1,ATCATGGCGCGCGCACAGGGCATCGACACCAAG
NA,WP_071705830.1,1,GCGCCGTTTGATCAACAAGTGGAAATTTTCAAG
NA,WP_071705831.1,1,CTGCACGAATGGTTCCCGAATGCAAAAACGGTG
rpoC,WP_071705832.1,1,TATATCAAGTCCACCGGCTATCGCTATTCCACT
NA,WP_071705833.1,1,GGCCGTGGTATCAATGCTGTCAACGATATTTAT
ileS,WP_071705834.1,1,TTCGATTCCGGCGCCATGCCCTTTGCGCAGCAT
NA,WP_071705835.1,1,GGCATAAAGGTCAAAGCGCAAGTTACGACGCAG
nth,WP_071705836.1,1,GAAATTCCTCTTTTGATGACGCTTCCCGGCGTG
rodA,WP_071705837.1,1,TTCGTGATCATTGCTGCGCCTGTATTTTATCAA
NA,WP_147659391.1,1,CTGCGCCGCATCAGGTTGTACATATGGAAGGAA
NA,WP_071705839.1,1,TTCTTTCGCGGATTTGGCTTAAAAGCGCATATT
NA,WP_071705840.1,1,ACAGCCAAAGACTGGCGTGGCATTCGCGCCTTT
NA,WP_071705841.1,1,CAGCAGGAAGCGCCGCCGCTGATCGAGAGCTTT
NA,WP_071705842.1,1,CCGACAGCTGTGGACCGATCCTTGCTTCTTTCA
NA,WP_071705843.1,1,TTTTGCGTTAAGGGATCGGATACAGAAAAATTT
rpsI,WP_071705844.1,1,ACGGTAAAAGGCGGCGGATTTACCGGTCAGGCG
rplM,WP_071705845.1,1,AAGATGTACAAGCATCACACCGGATTTGTTGGT
NA,WP_071705846.1,1,CATTATATTGATTTTGAACCGCATGGGCTCTTT
NA,WP_071705847.1,1,GGAGAAAACATAGGAAACTTTATCTATACAAAA
NA,WP_071705848.1,1,CGTTTGACCATCCCCATTGCAGTTATGAAGGCG
NA,WP_071705849.1,1,GAAACCGGTGATATCGTTGCCGAAGCGAAAGTA
NA,WP_071705850.1,1,TCTGTGTGCATCGGCGCTATGGCCGTAGTCGGT
NA,WP_083428265.1,1,AAGCTGCTGTTTGAGATGACGGCAAAATACGGA
NA,WP_071705851.1,1,CTCGATATGGTGGCCATGGATATTAAAAACGAG
NA,WP_147659392.1,1,CGTCGGACGTGGCGTTCGTTCGGCTATCCCGGA
NA,WP_071705853.1,1,ACTATGCTCTACGGCAATATTACGACAATGGAA
NA,WP_071705854.1,1,ATTCTTTACGTCCTCTTAAGCGCCGGTTTTATA
NA,WP_071705855.1,1,GCCTGCATTGCCTACATCACCTTTTATGCGTTT
NA,WP_071705856.1,1,ATCTTGGATGAACCGACTGTTGCGGTGGATCCG
NA,WP_157885044.1,1,CAGCGCATTGCGCGGGATATCCATGACCACGTC
NA,WP_071705857.1,1,AAGTCCGGCGTGGAGTCCCTTCTTCCCTCTCTC
thyX,WP_071705858.1,1,ACCTTCATCAAACCACTGTTCTGGAATGAGGGC
NA,WP_071705859.1,1,CCGGCTAAAAAAGCGCCGGCCGCTGCAAAGGCT
NA,WP_071705860.1,1,CGCGAAGCCCTCAGCGAAGCCTACGAGATTGCC
NA,WP_071705861.1,1,TATAACCGGATGATGGGAAGATATGAGCTTTAT
NA,WP_071705862.1,1,CGATTTTCCCTCGTAGATGACGCGTATCTTCGT
NA,WP_071705863.1,1,GGTGCTACCTGGTTGGGGCTCCGTGATCGGCGA
NA,WP_071705864.1,1,TTTGTTCCGTCGCCGCTTCTTGGCGAAAATGTC
NA,WP_071705865.1,1,CGCAGGCGGTATCGTTTTGTTCTGCTGATCGCC
NA,WP_071705866.1,1,CTGAACGCTGCGCTTTCCTCCGGAAGCAGCACT
NA,WP_071705867.1,1,GAGCATCGCATTCTGCAGGAGGCGGCGGAACAG
NA,WP_071705868.1,1,TCTTCTTCGGGAAGAGCGATTGGAGAAGAAATT
NA,WP_071705869.1,1,ACCATCTCTGTGCATCAGGAAGAGGAAAGCGAG
thiT,WP_157885045.1,1,GGATTTGCCGGTTTGCAACGCGCCTCCGAAGGA
NA,WP_071705870.1,1,GGCATTGTTCTCAGTGTACTGATGGGCGTGATC
mtaB,WP_071705871.1,1,CGCATTCGCCTTTCCAGCATCGAACCTCGTTGG
prmA,WP_071705872.1,1,ACCGGTTCCCACGAGACTACAACGTTGTGTCTG
dnaJ,WP_071705873.1,1,ACCTGCAGCACGTGCAACGGGCGCGGTGAAATC
dnaK,WP_071705874.1,1,TTGCTGGTGGGCGGTTCGACCCGCGTACCGATG
grpE,WP_083428269.1,1,AATACAATACGTTACGCGAATGAGCGTCTGATT
hrcA,WP_071705875.1,1,GAGCGTCTCGAGCGTCTGGGTGAAATTTTCCAG
hemW,WP_071705876.1,1,GAAGAATGGCGTCCGCAACACGTTTCCTGGTAT
lepA,WP_071705877.1,1,GGCATCTATCCGAGCACCAATGAGGACGTCAAC
lepB,WP_232009049.1,1,AAACGTGTGGTGGCGCTTCCGGATGAGTATGTG
rpsT,WP_071705879.1,1,CAGGAAGCGCAAGAGCTGTTAAAGGTGATTGAC
holA,WP_071705880.1,1,ATTTCCTCCAGCGAATATCTGGATCCGCGCGCA
NA,WP_071705881.1,1,TCCTTAATGGTGGCATTGGTTCGCGAGGGCGCA
NA,WP_071705882.1,1,ATCCTGCTCTCGCATATCGCGTTTGAAATCCCA
NA,WP_071705883.1,1,ATGGTATATAATTTCTTGCCCTTCATGATTTTG
NA,WP_071705884.1,1,CTGAAGCGCATGCAGCAGGAACTGGGCATTACG
NA,WP_083428271.1,1,ACGCTGGATCTGATGGATCATTGGCTGTTCTAT
tpx,WP_071705886.1,1,TCGGTGGATCTTCCCTTTGCGCAGCAGCGCTTC
thiI,WP_083428272.1,1,ATCGATTCGCCCGTTGCTGGCTACGAAATAGCA
NA,WP_071705887.1,1,GGAAAACTTCCGGTTCGTCTTTCCGCCCTTTCC
NA,WP_071705888.1,1,CACAATGAGGAAGACGTACGCGAACTGGCCCTG
NA,WP_071705889.1,1,GTCGAGATGGTCATGAACATTGAAGACGAATTT
NA,WP_071705890.1,1,GAGCTGTACCATTGGACGGAAGAGAACAAGTTG
NA,WP_083428273.1,1,GCTTTAAATGCCAATGCGAGCGGAGGCGGCACG
NA,WP_071705891.1,1,AAGGTGAACGGGGACGGGTCGCGGAAGGTGTTT
NA,WP_071705892.1,1,AATAACATCCAACAATTTTGTCAACGCGAGAGT
NA,WP_071705893.1,1,GAAGACCTGAAAAATAGCGATGCGCCGGATGCG
NA,WP_071705894.1,1,GATTTTGCAGAAGATGACCGCGACCGCTTGATT
NA,WP_071705895.1,1,TATTCGGGAAAAAGGATTCCGGAGCCGGCCCGC
NA,WP_071705896.1,1,AATTGGACCGAAGCGTTGTTCAGCTGGAGCGAG
NA,WP_071705897.1,1,GAGCGGGACGACTCCATTCGTTGGAACAATCGC
NA,WP_071705898.1,1,TATGATCAAGAATTTGACATCACATTAGGTAAA
NA,WP_071705899.1,1,AAGCCGGCCAACAACGGTTCCTCGGTCGGCGTC
NA,WP_071705900.1,1,GTTCTCCGTAAAGCGGTCGCTTCGCGCACCATT
NA,WP_071705901.1,1,TCCATTCACGACAATCCCGATACGATTTTAATA
dcm,WP_071705902.1,1,TATGACATTTTTTATCAGGTGATGGATGGACAG
NA,WP_071705903.1,1,GGCTATTTTCTTTTCACCCGTCATCAGGAAATG
NA,WP_232009051.1,1,GTGGCACTTTTCGCAGCCACCCTGCCATGCCTT
NA,WP_083428275.1,1,GAGGGGCGTATTCGCTTCGGCATGCAGTCCAAC
serS,WP_071705904.1,1,GAAGAAGATATGTATCATTGCAACGAAGATGAC
NA,WP_071705905.1,1,ATTGAAGATATGCTTCAGGAAATCAACGCGTAC
NA,WP_071705906.1,1,TTGCGGCGGCGCATGAAGGAGGAGTATATTCCC
NA,WP_071705907.1,1,CTGGAGGATTTTTTGTCGGAGGGGCTCCGTTAT
dnaB,WP_083428278.1,1,CAGGATGAAGCAGGCCATCATCCGTTCAAGGTA
rplI,WP_083428279.1,1,CTGACGGTATCTGTCTCTGCCAAGGGTGGCGGA
NA,WP_071705908.1,1,GCGCGCGTGATGTCCAATACCATGCGTTCGTTT
NA,WP_071705909.1,1,TCGGAAGTGACTTTACGGCAATTTTTCGCAGCG
rpsR,WP_066924832.1,1,GCGGGAAAAATTCTTCCGCGTCGCATTACCGGA
NA,WP_071705910.1,1,CGTTTGCAGACTGGCTCCTACGAGGCACAGGAC
rpsF,WP_071705911.1,1,GCGTACGAGATCCATTACAACAAAGACGGTTAC
NA,WP_071705912.1,1,CGGGACGAAGTACAGGCGTTGATTGCTGCAAAT
NA,WP_172619985.1,1,CTGGCCTATCTGAAAAAGCTGGAAGAGAAGCAT
NA,WP_071705914.1,1,GTGTTTCTCACCGGGATGACTGCCGTGCGCTGT
NA,WP_071705915.1,1,TCCTTCGTTCCGGCGGTGGTGGTACAGTTATTC
NA,WP_083428281.1,1,ATTTTGGCCGGCTTAGCGCATCCCAATGCGGGC
NA,WP_083428282.1,1,GCCGGCCGTCTTGCGCAAGGCGAGACCATGGTG
NA,WP_071705917.1,1,ACGGCTGCTGCAGTATATGCCTACAAGACCGCC
NA,WP_071705918.1,1,CTCTTGATGGCGAAAGTTTCCTCTAAATGGATT
NA,WP_071705919.1,1,ATTGATCTGGTGTATCGCCGGTTGGTGACCTCC
NA,WP_071705920.1,1,TATAACGCGCGCCAGGAAATTTGGAGGCGTACG
NA,WP_071705921.1,1,ACGGATCAAGGGTTTTCTGTATTATTTACGCTA
NA,WP_071705922.1,1,CGAGCCCAAACCATTCATTCGCGCCTGGATTTT
NA,WP_071705923.1,1,TATTTTTCTAAAGACAATGAGCCAGATCCACGC
aroA,WP_071705924.1,1,AAAAAATTCGTCATTCCCGGAAATCAACAGTAT
NA,WP_071705925.1,1,GAAATGGCCGGTCGATTACTTCTTGGTGTCTAC
NA,WP_071705926.1,1,TCGGTCTATCTGGAAGCGGATAAACGCGGACTG
NA,WP_071705927.1,1,GTGTCTGCGGATACATCTGTGCGCCTGGGGAAA
NA,WP_071705928.1,1,AAAAAGGCCGACTGTACGAAGGAATTATTGGCG
NA,WP_147659393.1,1,AAACCGTACTCCACCGATTCTATGAAATCGGAC
NA,WP_071705930.1,1,CATGGCGGAAACATGGACACCACAGCGATTAAA
NA,WP_071706149.1,1,GGCATTTTTGGAAGAGATGTAAATAATTATGAA
NA,WP_197675378.1,1,GTGAATGACGAGGATCGAACCAACCGGGAAAGT
NA,WP_071705932.1,1,ACAGATAAAAAATTGGAAGAAGTGTTTAACTAC
NA,WP_071705933.1,1,ATGGGTAGGGGAGAGTTTGTAAGTATGGATGTT
NA,WP_071705934.1,1,AAAGCCTGCTATGTAGGGAGAATGCCCGACAAG
NA,WP_071705935.1,1,GCAAATCATGAAGATATTTTTGCTATAAAAATG
NA,WP_071705936.1,1,AAAATCAACCTAGCTTTTGAGCTAGTAGGTTTG
NA,WP_071705937.1,1,GAAGCAAAATGGGCGCTTATCAATCCAATCATT
NA,WP_071705938.1,1,TATCATAAGATATTTGATATTATCGGAAATATT
NA,WP_071705939.1,1,CTAGACCTATTGCTTTGGTTTATGAATTCAGAA
NA,WP_071705940.1,1,GTTAAAAGCCCTGATGATTTAAAGGGACTCAAA
NA,WP_071705941.1,1,CAAGTTGCTGAAAATGCTCAGAATCCAGGGCAA
gndA,WP_071705942.1,1,ACTGCTCAATTATTAAAGGAACCCGATGACCAA
NA,WP_071705943.1,1,GGGAAAAAAGTTATTGAGAGGGCTAAGGGCTTC
NA,WP_071705944.1,1,GTTCCGGTTTTCCCAGGGTCAACAGATGTAACA
NA,WP_071705947.1,1,TGTTTTTATGAGCTTTCTCCCGGATCTGCTTCC
guaA,WP_071705948.1,1,TTGCGCAAGGATGAGGCGGATACGGTTGAGCGC
NA,WP_071705949.1,1,CCGAAACAAAAGGAAACCGAACCGCAGAGCATG
NA,WP_147659394.1,1,CCTATCTTGCTTTTTGTCGATGTGGATCACTAT
NA,WP_071705951.1,1,CTGGAACGCATTGAAAAAGTGACGTCGATGAAA
ppk1,WP_071705952.1,1,GACTACAAGGTGCATTCCAAAATCTGTCATATT
tadA,WP_197675358.1,1,CGTCGATACGGACGTCGGTTGACCGAGATGACA
uvrA,WP_071705953.1,1,GTCGGACTCGACTATTTGACCTTGGATCGTTAT
uvrB,WP_071705954.1,1,CTTCTCATGGTGGACGAGAGCCATCAGACGATT
NA,WP_071705955.1,1,ATCAGCAAGATGCTTCCCGATGATATCGGCTAC
NA,WP_071705956.1,1,GTTATCGATGCCGATATTCCCTGCATCTGTTAT
NA,WP_071705957.1,1,GTCGGCGGTGAAGACATCGACTGTTTCGTGGGG
pyk,WP_071705958.1,1,GAAGTCAACGATGTCGCCAATGCGATTTTAGAC
pfkA,WP_071705959.1,1,CACGGTCGCGCCAACATCATTGAAGTGATGGGA
NA,WP_071705960.1,1,GGTCTCTTTCAATTCGAGTCGCCGGGAATGCGC
NA,WP_071705961.1,1,GTGCATGGCAATATGTCGCGCATCTATTGTCCC
NA,WP_071705962.1,1,CATCAGGATAAACCCTTGCGCCAGCTGGGCCTC
deoC,WP_071705963.1,1,GACATCGCCCAGGTCAAGGCCGCTTGCGGCAAT
deoD,WP_071705964.1,1,TTTCCCTATGATCTGAACGGTACGTATTCTGCC
NA,WP_071705965.1,1,GTGGATGCGATCATTGCTGGTGCGCGAAGCATG
NA,WP_071705966.1,1,CACGGCGTATCGGCTTCGATTTTGACCATGTTC
NA,WP_071705967.1,1,CGCCCGTTTGCGGACGTCTTTTGCGGATCGGGC
NA,WP_071705968.1,1,GGAAACTACATTGTCGTGGTCAAGGAAACACGA
NA,WP_197675359.1,1,CGCCGGGTCATCTACGAGCTTCTGCTTACAATT
NA,WP_071705970.1,1,TGTGAAGCGAAAAACCATGCCCTTCTGCTGGAA
NA,WP_071705971.1,1,GCAGGGTGTATCGGCCTTCTCACCGCGATCGTC
NA,WP_071705972.1,1,ACCAAGGAATTTGCAAAGGATATGCTGGACAGC
NA,WP_071705973.1,1,AAAGACGGTTTTTTTGCCATTATCATGCCTATC
NA,WP_197675360.1,1,AAAAGATGGAAAATAATGTATACCGCGGTATTT
NA,WP_197675361.1,1,TTATCCATTATGCCGCTCAACTTCCGTAATGCT
iolC,WP_071705975.1,1,ACCAAAATCATCTTTGATATTGATTACCGCGCA
NA,WP_071705976.1,1,GAGGCGACGGACAACGTAGAAACCGTTCAATAT
NA,WP_071705977.1,1,TTATTACGCGGGCTGGAATATCCCAATCTAACG
NA,WP_071705978.1,1,TATATCGGGCTTTCCGAGCGCACGAATGCGGAA
NA,WP_071705979.1,1,GTCAAGGAAATTCGCGATCACAACCGCAAGGGC
NA,WP_071705980.1,1,GAAATGTCCGAGCACCTCGGCATTCCTAACATT
NA,WP_071705981.1,1,ATGGAAGGTTTCTCCTTCGGCATTGCCGAAGAC
NA,WP_071705982.1,1,CCGGAAGTCGGCCTGGGCATTACACCCGGCTTT
NA,WP_071705983.1,1,GATGAAATTGTTCCGATGGAGATCAAACTCAAG
NA,WP_071705984.1,1,GGCATGCCGAATGCGTTGGGCTACAAAATCGCG
rplL,WP_071705985.1,1,ATCCTGAAGAGCGCTGGCTCCTCGAAGATCAAC
rplJ,WP_071705986.1,1,ATGGTGGACGGTCCGAAGATTGCGGCCAAATTC
rplA,WP_071705987.1,1,CCGGACATGATGGGCCAGGTTGGTCGCATCGGT
rplK,WP_071705988.1,1,AAAACACCGCCGGCTGCGGTTCTTATTAAAAAG
nusG,WP_071705989.1,1,AATGGCGTTACGGGGTTTGTCGGCCCCGGATCG
secE,WP_071705990.1,1,TACACGCTCATCGTGCTGGTGATCGCCGCTGTG
rpmG,WP_066922933.1,1,AACAATACGGAACGTATTGAACTGAACAAGTAC
NA,WP_232009052.1,1,AACTTGATCAAGAAATCCTATACCTTGGAATAT
dtd,WP_071705991.1,1,TTGGTTTCCCAGTTTACCCTTTATGCATCCATT
NA,WP_071705992.1,1,GCAGTGTATTCCGTCGCGCAGACAAAAGCGATC
NA,WP_071705993.1,1,GCTAAAAACCCTGCCCAGGTGGTACTGATCACC
NA,WP_071705994.1,1,ATGGCGGAGATGACGCTTCTTTCCAATGCCACG
NA,WP_071705995.1,1,ACCGTGGCAGGCGATGCGTTTGATGCCGCTATT
ispF,WP_071705997.1,1,ATGCGACAGGTGATGGACTTGGTTTCCAAACAG
ispD,WP_071705998.1,1,GTCATACGGCGTTGTCTTTCTCGCATCGAGAGG
NA,WP_071705999.1,1,CCCAGAGGAATCTATATTTCCTTTGACACGTTG
NA,WP_071706000.1,1,GGGGAGGAAATGCTCATGATGGGCAACCCGGCC
NA,WP_071706001.1,1,GGCGTACCGAAAAAAGAGTATGAAGAGGCCGCC
NA,WP_197675380.1,1,GCCGACGTGAATTACGTGAAAAACATCGTCCCC
NA,WP_071706003.1,1,GTCTATCGCGGAGCCTTCACAGCGGGCCATCTC
NA,WP_071706004.1,1,TCATACGGGTTCTATCTTTTCCACTGGCCCATT
NA,WP_071706005.1,1,GCCTATAGCAGCTACCCACTTTATACGGATGAC
NA,WP_197675362.1,1,AGCAATATATTTAATTCCTCCGTGTTTTTGGGA
NA,WP_071706006.1,1,ATGTTATCTGAAGAGGAGCAAATTCTTCTTCGA
NA,WP_197675363.1,1,ACGGGAGTTGGACAAAGAGTTGATGTTTCCTTG
NA,WP_071706007.1,1,TTTCGCTTTAATTCCCATGATCCAACACAGGAT
NA,WP_071706008.1,1,ACAATCGGTCTTTTTACTGTCGTGGCTGCAAAA
NA,WP_071706009.1,1,AAGGGTTTGAAGATTCGTATTCCTGAAATTCAA
NA,WP_071706010.1,1,CTTCCGAAGATGCAGCAAAGAATTATACGCATA
NA,WP_071706011.1,1,GATAAGTTTAAGAAAGCCATATTTTCTCTTATT
NA,WP_071706012.1,1,GATCAGCTCGTAGCAACCTATTCCGATTGTGAT
NA,WP_071706013.1,1,CTCTATGCGACGCTTTGGAGCACGATCGCTCCG
